Product N,Medication Code,Product Name,Sub Category 1,Sub Category 2,Product ID,Formulation,Strength,Base Rate,NHIA App,NHIA Claim Co-Payment,Claim Amount,NHIA Claim,Bill Effective,Insurance Covered,Is Active
"	Tranexamic Acid Injection 500mg (TRAACIIN1 | 	Tranexamic Acid Injection 500mg)",TRAACIIN1,"	Tranexamic Acid Injection 500mg",4,Pharmacy,533,Injection,500 mg/5mL,27,,0,,,,no,TRUE
,,,,,,,,0,,0,,,,no,TRUE
,,,11,Non-Consumables,1073,,,0,,0,,,,no,TRUE
 (1100 | ),1100,,9,Non-Drug Consumables,1100,,,4,,0,,,,no,TRUE
 (M000626 | ),M000626,,4,Pharmacy,1153,0,,0,,0,,,,no,TRUE
1 GANG 1 WAY SWITCH (NA | 1 GANG 1 WAY SWITCH) (965 | 1 GANG 1 WAY SWITCH (NA | 1 GANG 1 WAY SWITCH)),965,1 GANG 1 WAY SWITCH (NA | 1 GANG 1 WAY SWITCH),11,Non-Consumables,965,,,0,,0,,,,no,TRUE
1 GANG 2 WAY SWITCH (NA | 1 GANG 2 WAY SWITCH) (966 | 1 GANG 2 WAY SWITCH (NA | 1 GANG 2 WAY SWITCH)),966,1 GANG 2 WAY SWITCH (NA | 1 GANG 2 WAY SWITCH),11,Non-Consumables,966,,,0,,0,,,,no,TRUE
1 GANG 3 WAY SWITCH (NA | 1 GANG 3 WAY SWITCH) (967 | 1 GANG 3 WAY SWITCH (NA | 1 GANG 3 WAY SWITCH)),967,1 GANG 3 WAY SWITCH (NA | 1 GANG 3 WAY SWITCH),11,Non-Consumables,967,,,0,,0,,,,no,TRUE
11/4 screw (NA | NA) (1128 | 11/4 screw (NA | NA)),1128,11/4 screw (NA | NA),11,Non-Consumables,1128,,,0,,0,,,,no,TRUE
13A SOCKET DOUBLE (NA | 13A SOCKET DOUBLE) (968 | 13A SOCKET DOUBLE (NA | 13A SOCKET DOUBLE)),968,13A SOCKET DOUBLE (NA | 13A SOCKET DOUBLE),11,Non-Consumables,968,,,0,,0,,,,no,TRUE
13A SOCKET SINGLE (NA | 13A SOCKET SINGLE) (969 | 13A SOCKET SINGLE (NA | 13A SOCKET SINGLE)),969,13A SOCKET SINGLE (NA | 13A SOCKET SINGLE),11,Non-Consumables,969,,,0,,0,,,,no,TRUE
13AMP PLUG TOP (NA | 13AMP PLUG TOP) (970 | 13AMP PLUG TOP (NA | 13AMP PLUG TOP)),970,13AMP PLUG TOP (NA | 13AMP PLUG TOP),11,Non-Consumables,970,,,0,,0,,,,no,TRUE
15AMP PLUG TOP (NA | 15AMP PLUG TOP) (971 | 15AMP PLUG TOP (NA | 15AMP PLUG TOP)),971,15AMP PLUG TOP (NA | 15AMP PLUG TOP),11,Non-Consumables,971,,,0,,0,,,,no,TRUE
3 core flexible cable (NA | NA) (1126 | 3 core flexible cable (NA | NA)),1126,3 core flexible cable (NA | NA),11,Non-Consumables,1126,,,0,,0,,,,no,TRUE
3/4 SCREW (NA | NA) (1129 | 3/4 SCREW (NA | NA)),1129,3/4 SCREW (NA | NA),11,Non-Consumables,1129,,,0,,0,,,,no,TRUE
5-Fluorouracil  (5FLUORIN1 | 5-Fluorouracil ),5FLUORIN1,5-Fluorouracil  (5FLUORIN1 | 5-Fluorouracil ),4,Pharmacy,547,Injection,50 mg/mL,0,,0,20.4,,1/2/2023,yes,TRUE
6 MM CABLE (NA | NA) (1131 | 6 MM CABLE (NA | NA)),1131,6 MM CABLE (NA | NA),11,Non-Consumables,1131,,,0,,0,,,,no,TRUE
A4 SHEETS (NA | A4 SHEETS) (858 | A4 SHEETS (NA | A4 SHEETS)),858,A4 SHEETS (NA | A4 SHEETS),10,Stationery,858,,,0,,0,,,,no,TRUE
ABDOMINAL SPONGE (NA | ABDOMINAL SPONGE) (609 | ABDOMINAL SPONGE (NA | ABDOMINAL SPONGE)),609,ABDOMINAL SPONGE (NA | ABDOMINAL SPONGE),5,Consumables,609,,,1.5,,0,,,,no,TRUE
AC SWITCH (NA | AC SWITCH) (972 | AC SWITCH (NA | AC SWITCH)),972,AC SWITCH (NA | AC SWITCH),11,Non-Consumables,972,,,0,,0,,,,no,TRUE
Aceclofenac Tablet 100mg (M000550 | Aceclofenac Tablet 100mg),M000550,Aceclofenac Tablet 100mg,4,Pharmacy,548,Tablet,100mg,1,,0,,,,no,TRUE
Acetazolamide Injection 500mg (ACETAZIN1 | Acetazolamide Injection 500mg),ACETAZIN1,Acetazolamide Injection 500mg,4,Pharmacy,2,Injection,500 mg,0,,0,17.16,,1/3/2025,yes,TRUE
Acetazolamide Tablet 250mg (ACETAZTA1 | Acetazolamide Tablet 250mg),ACETAZTA1,Acetazolamide Tablet 250mg,4,Pharmacy,3,Tablet,250 mg,0.9,,0,0.88,,1/3/2025,yes,TRUE
ACETIC ACID (NA | NA) (1110 | ACETIC ACID (NA | NA)),1110,ACETIC ACID (NA | NA),7,Laboratory Consumables,1110,,,0,,0,,,,no,TRUE
ACETORTE PAPER (NA | ACETORTE PAPER) (973 | ACETORTE PAPER (NA | ACETORTE PAPER)),973,ACETORTE PAPER (NA | ACETORTE PAPER),11,Non-Consumables,973,,,0,,0,,,,no,TRUE
Acetylcysteine  (ACETYLIN1 | Acetylcysteine ),ACETYLIN1,Acetylcysteine  (ACETYLIN1 | Acetylcysteine ),4,Pharmacy,4,Injection,200 mg/mL,0,,0,62.98,,1/3/2025,yes,TRUE
Acetylsalicylic Acid  (ACETYLTA1 | Acetylsalicylic Acid ),ACETYLTA1,Acetylsalicylic Acid  (ACETYLTA1 | Acetylsalicylic Acid ),4,Pharmacy,5,Tablet,300 mg,0,,0,0.55,,1/3/2025,yes,TRUE
Acetylsalicylic Acid Tablet 75mg (ACETYLDT1 | Acetylsalicylic Acid Tablet 75mg),ACETYLDT1,Acetylsalicylic Acid Tablet 75mg,4,Pharmacy,6,Tablet,75 mg Disp.,0.4,,0,0.33,,1/3/2025,yes,TRUE
Actinomycin D  (ACTINOIN1 | Actinomycin D ),ACTINOIN1,Actinomycin D  (ACTINOIN1 | Actinomycin D ),4,Pharmacy,8,Injection,0.5 mg,0,,0,106.92,,1/2/2023,yes,TRUE
Activated Charcoal  (ACTCHAPO1 | Activated Charcoal ),ACTCHAPO1,Activated Charcoal  (ACTCHAPO1 | Activated Charcoal ),4,Pharmacy,7,Powder,50 g,2,,0,38.56,,1/3/2025,yes,TRUE
Acyclovir  (0.03) (ACICLOEO1 | Acyclovir ),ACICLOEO1,Acyclovir  (0.03) (ACICLOEO1 | Acyclovir ),4,Pharmacy,10,Ointment,0.03,63,,0,52.03,,1/3/2025,yes,TRUE
Acyclovir  (250 mg) (ACICLOIN1 | Acyclovir ),ACICLOIN1,Acyclovir  (250 mg) (ACICLOIN1 | Acyclovir ),4,Pharmacy,11,Injection,250 mg,0,,0,136.13,,1/3/2025,yes,TRUE
Acyclovir  (ACICLOCR1 | Acyclovir ),ACICLOCR1,Acyclovir  (ACICLOCR1 | Acyclovir ),4,Pharmacy,9,Cream,0.05,47,,0,38.5,,1/3/2025,yes,TRUE
Acyclovir (200 mg) (ACICLOTA1 | Acyclovir),ACICLOTA1,Acyclovir (200 mg) (ACICLOTA1 | Acyclovir),4,Pharmacy,13,Tablet,200 mg,2.4,,0,1.98,,1/3/2025,yes,TRUE
Acyclovir (200 mg/5 mL) (ACICLOSU2 | Acyclovir),ACICLOSU2,Acyclovir (200 mg/5 mL) (ACICLOSU2 | Acyclovir),4,Pharmacy,12,Suspension,200 mg/5 mL,0,,0,276.91,,1/3/2025,yes,TRUE
ADAPTERS (NA | NA) (1220 | ADAPTERS (NA | NA)),1220,ADAPTERS (NA | NA),9,Non-Drug Consumables,1220,,,0,,0,,,,no,TRUE
ADMISSION & DISCHARGE REG (NA | ADMISSION & DISCHARGE REG) (859 | ADMISSION & DISCHARGE REG (NA | ADMISSION & DISCHARGE REG)),859,ADMISSION & DISCHARGE REG (NA | ADMISSION & DISCHARGE REG),10,Stationery,859,,,0,,0,,,,no,TRUE
Adrenaline Injection1:1000 1mg/ml (ADRENAIN1 | Adrenaline Injection1:1000 1mg/ml),ADRENAIN1,Adrenaline Injection1:1000 1mg/ml,4,Pharmacy,14,Injection,1 mg/1mL 1:1000,10,,3,7.7,,1/3/2025,yes,TRUE
Adriamycin (ADRIAMIN1 | Adriamycin),ADRIAMIN1,Adriamycin (ADRIAMIN1 | Adriamycin),4,Pharmacy,16,Injection,50 mg,0,,0,146.64,,1/2/2023,yes,TRUE
ADULT NAME TAG (NA | ADULT NAME TAG) (703 | ADULT NAME TAG (NA | ADULT NAME TAG)),703,ADULT NAME TAG (NA | ADULT NAME TAG),9,Non-Drug Consumables,703,,,0,,0,,,,no,TRUE
ADULT STETHOSCOPE (NA | NA) (1118 | ADULT STETHOSCOPE (NA | NA)),1118,ADULT STETHOSCOPE (NA | NA),11,Non-Consumables,1118,,,0,,0,,,,no,TRUE
AFTER WASH (NA | NA) (1365 | AFTER WASH (NA | NA)),1365,AFTER WASH (NA | NA),6,Disinfectants,1365,,,0,,0,,,,no,TRUE
AIR CONDITION VARIOUS (NA | AIR CONDITION) (974 | AIR CONDITION VARIOUS (NA | AIR CONDITION)),974,AIR CONDITION VARIOUS (NA | AIR CONDITION),11,Non-Consumables,974,,,0,,0,,,,no,TRUE
Albendazole  (200 mg) (ALBENDTA1 | Albendazole ),ALBENDTA1,Albendazole  (200 mg) (ALBENDTA1 | Albendazole ),4,Pharmacy,18,Tablet,200 mg,0,,0,,,,no,TRUE
Albendazole  (ALBENDSY1 | Albendazole ),ALBENDSY1,Albendazole  (ALBENDSY1 | Albendazole ),4,Pharmacy,17,Syrup,100 mg/5 mL,5,,1,4.1,,1/3/2025,yes,TRUE
Albendazole 400mg Tablet (ALBENDTA2 | Albendazole 400mg Tablet),ALBENDTA2,Albendazole 400mg Tablet,4,Pharmacy,19,Tablet,400 mg,3,,1,1.17,,1/3/2025,yes,TRUE
ALCAINE (PROPARACAINE) (M000551 | ALCAINE (PROPARACAINE)) (549 | ALCAINE (PROPARACAINE) (M000551 | ALCAINE (PROPARACAINE))),549,ALCAINE (PROPARACAINE) (M000551 | ALCAINE (PROPARACAINE)),4,Pharmacy,549,0,0.005,0,,0,,,,no,TRUE
Allopurinol  (300 mg) (ALLOPUTA2 | Allopurinol ),ALLOPUTA2,Allopurinol  (300 mg) (ALLOPUTA2 | Allopurinol ),4,Pharmacy,21,Tablet,300 mg,0,,0,1.1,,1/3/2025,yes,TRUE
Allopurinol  (ALLOPUTA1 | Allopurinol ),ALLOPUTA1,Allopurinol  (ALLOPUTA1 | Allopurinol ),4,Pharmacy,20,Tablet,100 mg,0,,0,0.94,,1/3/2025,yes,TRUE
ALUMINIUM HYDROXIDE  (M000552 | ALUMINIUM HYDROXIDE ),M000552,ALUMINIUM HYDROXIDE  (M000552 | ALUMINIUM HYDROXIDE ),4,Pharmacy,550,Tablet,500mg,0.3,,0,,,,no,TRUE
AMBU BAG (INFANT) (NA | NA) (1338 | AMBU BAG (INFANT) (NA | NA)),1338,AMBU BAG (INFANT) (NA | NA),9,Non-Drug Consumables,1338,,,0,,0,,,,no,TRUE
AMBU BAG (NA | AMBU BAG) (704 | AMBU BAG (NA | AMBU BAG)),704,AMBU BAG (NA | AMBU BAG),9,Non-Drug Consumables,704,,,0,,0,,,,no,TRUE
AMBU BAG (NEONATE) (NA | NA) (1337 | AMBU BAG (NEONATE) (NA | NA)),1337,AMBU BAG (NEONATE) (NA | NA),9,Non-Drug Consumables,1337,,,0,,0,,,,no,TRUE
Amino Acid Solution  (0.2) (AMIACIIN2 | Amino Acid Solution ),AMIACIIN2,Amino Acid Solution  (0.2) (AMIACIIN2 | Amino Acid Solution ),4,Pharmacy,23,Injection,0.2,0,,0,43.68,,1/2/2023,yes,TRUE
Amino Acid Solution  (AMIACIIN1 | Amino Acid Solution ),AMIACIIN1,Amino Acid Solution  (AMIACIIN1 | Amino Acid Solution ),4,Pharmacy,22,Injection,0.1,0,,0,54.6,,1/2/2023,yes,TRUE
Aminophylline  (AMINOPIN1 | Aminophylline ),AMINOPIN1,Aminophylline  (AMINOPIN1 | Aminophylline ),4,Pharmacy,24,Injection,250 mg/10 mL,25,,12,11.55,,1/3/2025,yes,TRUE
Amiodarone  (AMIODATA1 | Amiodarone ),AMIODATA1,Amiodarone  (AMIODATA1 | Amiodarone ),4,Pharmacy,25,Tablet,200 mg,0,,0,1.08,,1/2/2023,yes,TRUE
Amitriptyline Tablet 25 mg (AMITRITA2 | Amitriptyline Tablet 25 mg),AMITRITA2,Amitriptyline Tablet 25 mg,4,Pharmacy,,Tablet,25 mg,0.25,,0,0.18,,,yes,TRUE
Amitriptyline Tablet 50mg (AMITRITA3 | Amitriptyline Tablet 50mg),AMITRITA3,Amitriptyline Tablet 50mg,4,Pharmacy,28,Tablet,50 mg,2,,0,0.66,,1/3/2025,yes,TRUE
Amlodipine Tablet 10mg (AMLODITA2 | Amlodipine Tablet 10mg),AMLODITA2,Amlodipine Tablet 10mg,4,Pharmacy,29,Tablet,10 mg,0.2,,0.05,0.12,,1/3/2025,yes,TRUE
Amlodipine Tablet 5mg (AMLODITA1 | Amlodipine Tablet 5mg),AMLODITA1,Amlodipine Tablet 5mg,4,Pharmacy,30,Tablet,5 mg,0.2,,0.05,0.11,,1/3/2025,yes,TRUE
Amodiaquine + Artesunate  (270 mg + 100 mg 3s) (AMOARTTA5 | Amodiaquine + Artesunate ),AMOARTTA5,Amodiaquine + Artesunate  (270 mg + 100 mg 3s) (AMOARTTA5 | Amodiaquine + Artesunate ),4,Pharmacy,37,Tablet,270 mg + 100 mg 3s,5,,0,1.28,,1/3/2025,yes,TRUE
Amodiaquine + Artesunate (AMOARTTA1 | Amodiaquine + Artesunate),AMOARTTA1,Amodiaquine + Artesunate (AMOARTTA1 | Amodiaquine + Artesunate),4,Pharmacy,33,Tablet,67.5 mg + 25 mg 6 tabs,0.61,,0,5.15,,1/3/2025,yes,TRUE
Amoxicillin + Clavulanic Acid  ( 250 mg + 62 mg) (COAMOXSU1 | Amoxicillin + Clavulanic Acid ),COAMOXSU1,Amoxicillin + Clavulanic Acid  ( 250 mg + 62 mg) (COAMOXSU1 | Amoxicillin + Clavulanic Acid ),4,Pharmacy,41,Suspension,250 mg + 62 mg,22,,3,19.52,,1/3/2025,yes,TRUE
"Amoxicillin + Clavulanic Acid Injection, 1.2g (COAMOXIN2 | Amoxicillin + Clavulanic Acid Injection, 1.2g)",COAMOXIN2,"Amoxicillin + Clavulanic Acid Injection, 1.2g",,,,Injection,1.2g,22,,10,16.3,,,yes,TRUE
Amoxicillin Capsule 250mg (AMOXICCA1 | Amoxicillin Capsule 250mg),AMOXICCA1,Amoxicillin Capsule 250mg,4,Pharmacy,45,Capsule,250 mg,0.56,,0,0.47,,1/3/2025,yes,TRUE
Amoxicillin Capsule 500mg (AMOXICCA2 | Amoxicillin Capsule 500mg),AMOXICCA2,Amoxicillin Capsule 500mg,4,Pharmacy,46,Capsule,500 mg,1,,0,0.83,,1/3/2025,yes,TRUE
Amoxicillin Clavulanic Acid Injection 600mg (COAMOXIN1 | Amoxicillin Clavulanic Acid Injection 600mg),COAMOXIN1,Amoxicillin Clavulanic Acid Injection 600mg,4,Pharmacy,40,Injection,500 mg + 100 mg,20,,0,18.7,,1/3/2025,yes,TRUE
Amoxicillin Clavulanic Acid Suspension 457mg (COAMOXSU2 | Amoxicillin Clavulanic Acid Suspension 457mg),COAMOXSU2,Amoxicillin Clavulanic Acid Suspension 457mg,4,Pharmacy,42,Suspension,400 mg + 57 mg,30,,0,25.86,,1/3/2025,yes,TRUE
Amoxicillin Clavulanic Acid Tablet 625mg (COAMOXTA1 | Amoxicillin Clavulanic Acid Tablet 625mg),COAMOXTA1,Amoxicillin Clavulanic Acid Tablet 625mg,4,Pharmacy,43,Tablet,500 mg + 125 mg,2.57,,0.5,2.31,,1/3/2025,yes,TRUE
Amoxicillin Suspension 125mg/5ml (AMOXICSU1 | Amoxicillin Suspension 125mg/5ml),AMOXICSU1,Amoxicillin Suspension 125mg/5ml,4,Pharmacy,48,Suspension,125 mg/5 mL,17,,0,16.5,,1/3/2025,yes,TRUE
Ampicillin Injection 500mg (AMPICIIN1 | Ampicillin Injection 500mg),AMPICIIN1,Ampicillin Injection 500mg,4,Pharmacy,49,Injection,500 mg,5,,1,3.85,,1/3/2025,yes,TRUE
ANAESTHESIA MASK (NA | NA) (1374 | ANAESTHESIA MASK (NA | NA)),1374,ANAESTHESIA MASK (NA | NA),9,Non-Drug Consumables,1374,,,0,,0,,,,no,TRUE
Anastrozole  (ANASTRTA1 | Anastrozole ),ANASTRTA1,Anastrozole  (ANASTRTA1 | Anastrozole ),4,Pharmacy,50,Tablet,1 mg,0,,0,9.36,,1/2/2023,yes,TRUE
ANC TALLY BOOK (NA | ANC TALLY BOOK) (860 | ANC TALLY BOOK (NA | ANC TALLY BOOK)),860,ANC TALLY BOOK (NA | ANC TALLY BOOK),10,Stationery,860,,,0,,0,,,,no,TRUE
ANTENATAL REGISTER (NA | ANTENATAL REGISTER) (861 | ANTENATAL REGISTER (NA | ANTENATAL REGISTER)),861,ANTENATAL REGISTER (NA | ANTENATAL REGISTER),10,Stationery,861,,,0,,0,,,,no,TRUE
ANTI A (NA | ANTI A) (662 | ANTI A (NA | ANTI A)),662,ANTI A (NA | ANTI A),7,Laboratory Consumables,662,,,0,,0,,,,no,TRUE
ANTI B (NA | ANTI B) (663 | ANTI B (NA | ANTI B)),663,ANTI B (NA | ANTI B),7,Laboratory Consumables,663,,,0,,0,,,,no,TRUE
ANTI D (NA | ANTI D) (664 | ANTI D (NA | ANTI D)),664,ANTI D (NA | ANTI D),7,Laboratory Consumables,664,,,0,,0,,,,no,TRUE
ANTI RABIES VACCINE (M000553 | ANTI RABIES VACCINE),M000553,ANTI RABIES VACCINE (M000553 | ANTI RABIES VACCINE),4,Pharmacy,551,0,,0,,0,,,,no,TRUE
Anti RH Immunoglobulin  (ANIMGLIN1 | Anti RH Immunoglobulin ),ANIMGLIN1,Anti RH Immunoglobulin  (ANIMGLIN1 | Anti RH Immunoglobulin ),4,Pharmacy,51,Injection,1500IU /5ml,900,,80,827.2,,1/3/2025,yes,TRUE
ANTI SNAKE  (M000554 | ANTI SNAKE ),M000554,ANTI SNAKE  (M000554 | ANTI SNAKE ),4,Pharmacy,552,Serum,,0,,0,,,,no,TRUE
Anti Tetanus Serum 1500iu (ANTESEIN1 | Anti Tetanus Serum 1500iu),ANTESEIN1,Anti Tetanus Serum 1500iu,4,Pharmacy,553,Serum,1500IU,45,,0,42.85,,10/4/2025,yes,TRUE
ANTI-HUMAN GLOBULIN (NA | NA) (1111 | ANTI-HUMAN GLOBULIN (NA | NA)),1111,ANTI-HUMAN GLOBULIN (NA | NA),7,Laboratory Consumables,1111,,,0,,0,,,,no,TRUE
Aqueous Cream BP (AQUEOUCR1 | Aqueous Cream BP),AQUEOUCR1,Aqueous Cream BP (AQUEOUCR1 | Aqueous Cream BP),4,Pharmacy,52,Cream,,0,,0,29.98,,1/3/2025,yes,TRUE
ARCH FILE (NA | ARCH FILE) (862 | ARCH FILE (NA | ARCH FILE)),862,ARCH FILE (NA | ARCH FILE),10,Stationery,862,,,0,,0,,,,no,TRUE
ART Patient Register (NA | NA) (1381 | ART Patient Register (NA | NA)),1381,ART Patient Register (NA | NA),10,Stationery,1381,,,0,,0,,,,no,TRUE
Artemether  (ARTEMEIN2 | Artemether ),ARTEMEIN2,Artemether  (ARTEMEIN2 | Artemether ),4,Pharmacy,1094,Injection,80 mg/ml,0,,0,6.2,,1/2/2023,yes,TRUE
Artemether + Lumefantrine  (20 mg + 120 mg 12s) (ARTLUMTA3 | Artemether + Lumefantrine ),ARTLUMTA3,Artemether + Lumefantrine  (20 mg + 120 mg 12s) (ARTLUMTA3 | Artemether + Lumefantrine ),4,Pharmacy,56,Tablet,20 mg + 120 mg 12s,8,,0,1.25,,1/3/2025,yes,TRUE
Artemether + Lumefantrine  (20 mg + 120 mg 18s) (ARTLUMTA4 | Artemether + Lumefantrine ),ARTLUMTA4,Artemether + Lumefantrine  (20 mg + 120 mg 18s) (ARTLUMTA4 | Artemether + Lumefantrine ),4,Pharmacy,57,Tablet,20 mg + 120 mg 18s,8,,0,1.88,,1/3/2025,yes,TRUE
Artemether + Lumefantrine  (20 mg + 120 mg Disp.) (ARTLUMDT1 | Artemether + Lumefantrine ),ARTLUMDT1,Artemether + Lumefantrine  (20 mg + 120 mg Disp.) (ARTLUMDT1 | Artemether + Lumefantrine ),4,Pharmacy,58,Tablet,20 mg + 120 mg Disp.,0,,0,4.39,,1/3/2025,yes,TRUE
Artemether + Lumefantrine (20 mg + 120 mg 24s) (ARTLUMTA1 | Artemether + Lumefantrine),ARTLUMTA1,Artemether + Lumefantrine (20 mg + 120 mg 24s) (ARTLUMTA1 | Artemether + Lumefantrine),4,Pharmacy,54,Tablet,20 mg + 120 mg 24s,10,,0,2.24,,1/3/2025,yes,TRUE
Artemether + Lumefantrine (20 mg + 120 mg 6s) (ARTLUMTA2 | Artemether + Lumefantrine),ARTLUMTA2,Artemether + Lumefantrine (20 mg + 120 mg 6s) (ARTLUMTA2 | Artemether + Lumefantrine),4,Pharmacy,55,Tablet,20 mg + 120 mg 6s,8,,0,0.61,,1/3/2025,yes,TRUE
Artemether/ Lumefantrine Suspension (ARTLUMSU1 | Artemether/ Lumefantrine Suspension),ARTLUMSU1,Artemether/ Lumefantrine Suspension,4,Pharmacy,53,Suspension,20 mg + 120 mg / 5 mL (Powder),28,,0,25.85,,1/3/2025,yes,TRUE
ARTERY FORCEPS LONG STRAIGHT (NA | ARTERY FORCEPS LONG STRAIGHT) (975 | ARTERY FORCEPS LONG STRAIGHT (NA | ARTERY FORCEPS LONG STRAIGHT)),975,ARTERY FORCEPS LONG STRAIGHT (NA | ARTERY FORCEPS LONG STRAIGHT),11,Non-Consumables,975,,,0,,0,,,,no,TRUE
ARTERY FORCEPS SMALL CURVE (NA | ARTERY FORCEPS SMALL CURVE) (976 | ARTERY FORCEPS SMALL CURVE (NA | ARTERY FORCEPS SMALL CURVE)),976,ARTERY FORCEPS SMALL CURVE (NA | ARTERY FORCEPS SMALL CURVE),11,Non-Consumables,976,,,0,,0,,,,no,TRUE
ARTERY FORCEPS SMALL STRAIGHT (NA | ARTERY FORCEPS SMALL STRAIGHT) (977 | ARTERY FORCEPS SMALL STRAIGHT (NA | ARTERY FORCEPS SMALL STRAIGHT)),977,ARTERY FORCEPS SMALL STRAIGHT (NA | ARTERY FORCEPS SMALL STRAIGHT),11,Non-Consumables,977,,,0,,0,,,,no,TRUE
Artesunate  (100mg) (ARTESURE2 | Artesunate ),ARTESURE2,Artesunate  (100mg) (ARTESURE2 | Artesunate ),4,Pharmacy,63,Suppository,100mg,0,,0,6.05,,1/3/2025,yes,TRUE
Artesunate  (50 mg) (ARTESURE1 | Artesunate ),ARTESURE1,Artesunate  (50 mg) (ARTESURE1 | Artesunate ),4,Pharmacy,62,Suppository,50 mg,0,,0,5.49,,1/3/2025,yes,TRUE
Artesunate Injection 120mg (ARTESUIN3 | Artesunate Injection 120mg),ARTESUIN3,Artesunate Injection 120mg,4,Pharmacy,61,Injection,120 mg,10,,5,6.25,,1/3/2025,yes,TRUE
Artesunate Injection 30mg (ARTESUIN1 | Artesunate Injection 30mg),ARTESUIN1,Artesunate Injection 30mg,4,Pharmacy,59,Injection,30 mg,7,,3,3.18,,1/3/2025,yes,TRUE
Artesunate Injection 60mg (ARTESUIN2 | Artesunate Injection 60mg),ARTESUIN2,Artesunate Injection 60mg,4,Pharmacy,60,Injection,60 mg,8,,5,3.18,,1/3/2025,yes,TRUE
Artesunate/ Amodiaquine Tablet 100/270mg (6 Tablets) (AMOARTTA6 | Artesunate/ Amodiaquine Tablet 100/270mg (6 Tablets)),AMOARTTA6,Artesunate/ Amodiaquine Tablet 100/270mg (6 Tablets),4,Pharmacy,38,Tablet,270 mg + 100 mg 6s,3,,0,2.15,,1/3/2025,yes,TRUE
Artesunate/Amodiaquine Powder 50mg/150mg (AMOARTPO2 | Artesunate/Amodiaquine Powder 50mg/150mg),AMOARTPO2,Artesunate/Amodiaquine Powder 50mg/150mg,4,Pharmacy,31,Powder,150 mg + 50 mg,10,,0,5.78,,1/3/2025,yes,TRUE
Artesunate/Amodiaquine Sachet Powder 25mg/75mg (AMOARTPO1 | Artesunate/Amodiaquine Sachet Powder 25mg/75mg),AMOARTPO1,Artesunate/Amodiaquine Sachet Powder 25mg/75mg,4,Pharmacy,32,Powder,75 mg + 25 mg,15,,0,13.97,,1/3/2025,yes,TRUE
Artesunate/Amodiaquine Tablet 25/67.5mg (6 Tablets) (AMOARTTA3 | Artesunate/Amodiaquine Tablet 25/67.5mg (6 Tablets)),AMOARTTA3,Artesunate/Amodiaquine Tablet 25/67.5mg (6 Tablets),4,Pharmacy,35,Tablet,67.5 mg + 25 mg 3s,5,,0,0.65,,1/3/2025,yes,TRUE
Artesunate/Amodiaquine Tablet 50/135mg (12 Tablets) (AMOARTTA2 | Artesunate/Amodiaquine Tablet 50/135mg (12 Tablets)),AMOARTTA2,Artesunate/Amodiaquine Tablet 50/135mg (12 Tablets),4,Pharmacy,34,Tablet,135 mg + 50 mg 12 tabs,10,,0,5.07,,1/3/2025,yes,TRUE
Artesunate/Amodiaquine Tablet 50/135mg (3 Tablets) (AMOARTTA4 | Artesunate/Amodiaquine Tablet 50/135mg (3 Tablets)),AMOARTTA4,Artesunate/Amodiaquine Tablet 50/135mg (3 Tablets),4,Pharmacy,36,Tablet,135 mg + 50 mg 3s,5,,0,0.7,,1/3/2025,yes,TRUE
ASCORBIC ACID 100 MG  (M000556 | ASCORBIC ACID ) (Tablet),M000556,ASCORBIC ACID 100 MG  (M000556 | ASCORBIC ACID ) (Tablet),4,Pharmacy,554,Tablet,100 MG,0.2,,0,,,,no,TRUE
Ascorbic Acid 1000 MG(M000602 | Ascorbic Acid) (Tablet),M000602,Ascorbic Acid 1000 MG(M000602 | Ascorbic Acid) (Tablet),4,Pharmacy,1101,Tablet,1000mg,25,,0,,,,no,TRUE
Ascorbic Acid Syrup (M000652 | Ascorbic Acid Syrup),M000652,Ascorbic Acid Syrup,4,Pharmacy,1179,0,,11,,0,,,,no,TRUE
ASSORTED FRAMES ADULTS (NA | ASSORTED FRAMES ADULTS) (978 | ASSORTED FRAMES ADULTS (NA | ASSORTED FRAMES ADULTS)),978,ASSORTED FRAMES ADULTS (NA | ASSORTED FRAMES ADULTS),11,Non-Consumables,978,,,0,,0,,,,no,TRUE
Atenolol Tablet 25mg (ATEHYDTA1 | Atenolol Tablet 25mg),ATEHYDTA1,Atenolol Tablet 25mg,4,Pharmacy,65,Tablet,50 mg + 25 mg,0,,0,,,,no,TRUE
Atenolol Tablet 50mg (ATENOLTA2 | Atenolol Tablet 50mg),ATENOLTA2,Atenolol Tablet 50mg,4,Pharmacy,69,Tablet,50 mg,0.6,,0,0.54,,1/3/2025,yes,TRUE
Atorvastatin (M000679 | Atorvastatin),M000679,Atorvastatin (M000679 | Atorvastatin),4,Pharmacy,1356,Tablet,10 mg,0.5,,0,,,,no,TRUE
Atropine  (ATROPIID1 | Atropine ),ATROPIID1,Atropine  (ATROPIID1 | Atropine ),4,Pharmacy,72,Drops,0.01,0,,0,36.3,,1/3/2025,yes,TRUE
Atropine Injection 0.6mg/ml (ATROPIIN1 | Atropine Injection 0.6mg/ml),ATROPIIN1,Atropine Injection 0.6mg/ml,4,Pharmacy,73,Injection,0.6 mg/mL,6,,0,5.5,,1/3/2025,yes,TRUE
ATTENDANCE  BOOK (NA | ATTENDANCE  BOOK) (863 | ATTENDANCE  BOOK (NA | ATTENDANCE  BOOK)),863,ATTENDANCE  BOOK (NA | ATTENDANCE  BOOK),10,Stationery,863,,,0,,0,,,,no,TRUE
AURAL SYRINGE (NA | NA) (1274 | AURAL SYRINGE (NA | NA)),1274,AURAL SYRINGE (NA | NA),9,Non-Drug Consumables,1274,,,0,,0,,,,no,TRUE
AUTOCLAVE MACHINE (NA | AUTOCLAVE MACHINE) (705 | AUTOCLAVE MACHINE (NA | AUTOCLAVE MACHINE)),705,AUTOCLAVE MACHINE (NA | AUTOCLAVE MACHINE),9,Non-Drug Consumables,705,,,0,,0,,,,no,TRUE
AUTOCLAVE POUCHES (NA | NA) (1351 | AUTOCLAVE POUCHES (NA | NA)),1351,AUTOCLAVE POUCHES (NA | NA),9,Non-Drug Consumables,1351,,,0,,0,,,,no,TRUE
AUTOCLAVE TAPE (NA | NA) (1198 | AUTOCLAVE TAPE (NA | NA)),1198,AUTOCLAVE TAPE (NA | NA),9,Non-Drug Consumables,1198,,,0,,0,,,,no,TRUE
AUTOMATED EXTERNAL DEFIBRILLATOR (NA | NA) (1329 | AUTOMATED EXTERNAL DEFIBRILLATOR (NA | NA)),1329,AUTOMATED EXTERNAL DEFIBRILLATOR (NA | NA),11,Non-Consumables,1329,,,0,,0,,,,no,TRUE
AUTOSCOPE (NA | NA) (1106 | AUTOSCOPE (NA | NA)),1106,AUTOSCOPE (NA | NA),11,Non-Consumables,1106,,,0,,0,,,,no,TRUE
Azithromycin Capsule 250mg (AZITHRCA1 | Azithromycin Capsule 250mg),AZITHRCA1,Azithromycin Capsule 250mg,4,Pharmacy,74,Capsule,250 mg,4.3,,0,3.58,,1/3/2025,yes,TRUE
Azithromycin Suspension 200mg/5ml (AZITHRSU1 | Azithromycin Suspension 200mg/5ml),AZITHRSU1,Azithromycin Suspension 200mg/5ml,4,Pharmacy,75,Suspension,200 mg/5 mL/15mL,38,,0,35.2,,1/3/2025,yes,TRUE
BABY COT (NA | NA) (1114 | BABY COT (NA | NA)),1114,BABY COT (NA | NA),11,Non-Consumables,1114,,,0,,0,,,,no,TRUE
BABY MONITORING FORM (NA | BABY MONITORING FORM) (706 | BABY MONITORING FORM (NA | BABY MONITORING FORM)),706,BABY MONITORING FORM (NA | BABY MONITORING FORM),9,Non-Drug Consumables,706,,,0,,0,,,,no,TRUE
Badoe's Solution  (BADOESIN1 | NA),BADOESIN1,Badoe's Solution  (BADOESIN1 | NA),4,Pharmacy,77,,1000 mL,0,,0,22,,1/3/2025,yes,TRUE
BANDAGE P.O.P 6''(15CM) (NA | NA) (1096 | BANDAGE P.O.P 6''(15CM) (NA | NA)),1096,BANDAGE P.O.P 6''(15CM) (NA | NA),9,Non-Drug Consumables,1096,,,0,,0,,,,no,TRUE
Beclometasone Dipropionate (200 microgram/metered dose (200 doses)) (BECDIPGA3 | Beclometasone Dipropionate),BECDIPGA3,Beclometasone Dipropionate (200 microgram/metered dose (200 doses)) (BECDIPGA3 | Beclometasone Dipropionate),4,Pharmacy,79,Inhaler,200 microgram/metered dose (200 doses),0,,0,87.94,,1/3/2025,yes,TRUE
Beclometasone Dipropionate (50microgram/metered dose (200 doses)) (BECDIPGA1 | Beclometasone Dipropionate),BECDIPGA1,Beclometasone Dipropionate (50microgram/metered dose (200 doses)) (BECDIPGA1 | Beclometasone Dipropionate),4,Pharmacy,80,Inhaler,50microgram/metered dose (200 doses),0,,0,119.9,,1/3/2025,yes,TRUE
Beclometasone Dipropionate (BECDIPGA2 | Beclometasone Dipropionate),BECDIPGA2,Beclometasone Dipropionate (BECDIPGA2 | Beclometasone Dipropionate),4,Pharmacy,78,Inhaler,100 microgram/metered dose (200 doses),0,,0,87.94,,1/3/2025,yes,TRUE
BED PAN ADULT (NA | BED PAN ADULT) (864 | BED PAN ADULT (NA | BED PAN ADULT)),864,BED PAN ADULT (NA | BED PAN ADULT),10,Stationery,864,,,0,,0,,,,no,TRUE
BED SHEET (NA | BED SHEET) (980 | BED SHEET (NA | BED SHEET)),980,BED SHEET (NA | BED SHEET),11,Non-Consumables,980,,,0,,0,,,,no,TRUE
BEDSIDE LOCKER DELUX (NA | BEDSIDE LOCKER DELUX) (981 | BEDSIDE LOCKER DELUX (NA | BEDSIDE LOCKER DELUX)),981,BEDSIDE LOCKER DELUX (NA | BEDSIDE LOCKER DELUX),11,Non-Consumables,981,,,0,,0,,,,no,TRUE
BEDSIDE LOCKERS (NA | NA) (1099 | BEDSIDE LOCKERS (NA | NA)),1099,BEDSIDE LOCKERS (NA | NA),9,Non-Drug Consumables,1099,,,0,,0,,,,no,TRUE
Bendroflumethiazide  (BENDROTA1 | Bendroflumethiazide ),BENDROTA1,Bendroflumethiazide  (BENDROTA1 | Bendroflumethiazide ),4,Pharmacy,81,Tablet,2.5 mg,0.18,,0.02,0.12,,1/3/2025,yes,TRUE
Benzatropine  (BENZATIN1 | Benzatropine ),BENZATIN1,Benzatropine  (BENZATIN1 | Benzatropine ),4,Pharmacy,82,Injection,1 mg/mL,0,,0,110.2,,1/3/2025,yes,TRUE
Benzatropine (2 mg) (BENZATTA1 | Benzatropine),BENZATTA1,Benzatropine (2 mg) (BENZATTA1 | Benzatropine),4,Pharmacy,83,Tablet,2 mg,0,,0,6.93,,1/3/2025,yes,TRUE
Benzoic Acid + Salicylic Acid  (BEACSAOI1 | Benzoic Acid + Salicylic Acid ),BEACSAOI1,Benzoic Acid + Salicylic Acid  (BEACSAOI1 | Benzoic Acid + Salicylic Acid ),4,Pharmacy,84,Ointment,6% + 3%,13,,0,17.6,,1/3/2025,yes,TRUE
Benzoyl Peroxide  (0.05) (BENPERCR1 | Benzoyl Peroxide ),BENPERCR1,Benzoyl Peroxide  (0.05) (BENPERCR1 | Benzoyl Peroxide ),4,Pharmacy,86,Cream,0.05,0,,0,118.25,,1/3/2025,yes,TRUE
Benzoyl Peroxide  (BENPERCR2 | Benzoyl Peroxide ),BENPERCR2,Benzoyl Peroxide  (BENPERCR2 | Benzoyl Peroxide ),4,Pharmacy,85,Cream,0.1,0,,0,131.45,,1/3/2025,yes,TRUE
Benzyl Benzoate  (0.25) (BENBENLO2 | Benzyl Benzoate ),BENBENLO2,Benzyl Benzoate  (0.25) (BENBENLO2 | Benzyl Benzoate ),4,Pharmacy,88,Lotion,0.25,0,,0,28.6,,1/3/2025,yes,TRUE
Benzyl Benzoate  (BENBENLO1 | Benzyl Benzoate ),BENBENLO1,Benzyl Benzoate  (BENBENLO1 | Benzyl Benzoate ),4,Pharmacy,87,Lotion,0.25,20,,0,24.86,,1/3/2025,yes,TRUE
Benzyl Penicillin Injection 1mu (BENZYLIN1 | Benzyl Penicillin Injection 1mu),BENZYLIN1,Benzyl Penicillin Injection 1mu,4,Pharmacy,89,Injection,1 MU,4,,1,3.3,,1/3/2025,yes,TRUE
Betamethasone Valerate  (BETVALCR2 | Betamethasone Valerate ),BETVALCR2,Betamethasone Valerate  (BETVALCR2 | Betamethasone Valerate ),4,Pharmacy,91,Cream,0.001,23,,0,20.28,,1/2/2023,yes,TRUE
Betaxolol HCL  (BETAXOID1 | Betaxolol HCL ),BETAXOID1,Betaxolol HCL  (BETAXOID1 | Betaxolol HCL ),4,Pharmacy,92,Drops,0.005,0,,0,19.89,,1/3/2025,yes,TRUE
BIFOCAL PHOTO LENSES (NA | BIFOCAL PHOTO LENSES) (982 | BIFOCAL PHOTO LENSES (NA | BIFOCAL PHOTO LENSES)),982,BIFOCAL PHOTO LENSES (NA | BIFOCAL PHOTO LENSES),11,Non-Consumables,982,,,400,,0,,,,no,TRUE
BINDING COMB VARIOUS (NA | BINDING COMB VARIOUS) (865 | BINDING COMB VARIOUS (NA | BINDING COMB VARIOUS)),865,BINDING COMB VARIOUS (NA | BINDING COMB VARIOUS),10,Stationery,865,,,0,,0,,,,no,TRUE
BINDING COVER VARIOUS (NA | BINDING COVER VARIOUS) (866 | BINDING COVER VARIOUS (NA | BINDING COVER VARIOUS)),866,BINDING COVER VARIOUS (NA | BINDING COVER VARIOUS),10,Stationery,866,,,0,,0,,,,no,TRUE
BINE 20 (NA | BINE 20) (611 | BINE 20 (NA | BINE 20)),611,BINE 20 (NA | BINE 20),5,Consumables,611,,,6,,0,,,,no,TRUE
BIO HAZARD BAGS (NA | NA) (1292 | BIO HAZARD BAGS (NA | NA)),1292,BIO HAZARD BAGS (NA | NA),10,Stationery,1292,,,0,,0,,,,no,TRUE
Bisacodyl  (BISACOTA1 | Bisacodyl ),BISACOTA1,Bisacodyl  (BISACOTA1 | Bisacodyl ),4,Pharmacy,93,Tablet,5 mg,0.25,,0,1.1,,1/3/2025,yes,TRUE
Bisoprolol Tablet 10mg (BISOPRTA2 | Bisoprolol Tablet 10mg),BISOPRTA2,Bisoprolol Tablet 10mg,4,Pharmacy,95,Tablet,10 mg,1.2,,0.1,1.02,,1/3/2025,yes,TRUE
BLACK CABLE 1.5 (NA | BLACK CABLE 1.5) (983 | BLACK CABLE 1.5 (NA | BLACK CABLE 1.5)),983,BLACK CABLE 1.5 (NA | BLACK CABLE 1.5),11,Non-Consumables,983,,,0,,0,,,,no,TRUE
BLACK CABLE 2.5 (NA | BLACK CABLE 2.5) (984 | BLACK CABLE 2.5 (NA | BLACK CABLE 2.5)),984,BLACK CABLE 2.5 (NA | BLACK CABLE 2.5),11,Non-Consumables,984,,,0,,0,,,,no,TRUE
BLACK CATERIDGE 63 X L (NA | BLACK CATERIDGE 63 X L) (867 | BLACK CATERIDGE 63 X L (NA | BLACK CATERIDGE 63 X L)),867,BLACK CATERIDGE 63 X L (NA | BLACK CATERIDGE 63 X L),10,Stationery,867,,,0,,0,,,,no,TRUE
BLACK PEN (NA | BLACK PEN) (846 | BLACK PEN (NA | BLACK PEN)),846,BLACK PEN (NA | BLACK PEN),10,Stationery,846,,,0,,0,,,,no,TRUE
black tape (NA | NA) (1127 | black tape (NA | NA)),1127,black tape (NA | NA),11,Non-Consumables,1127,,,0,,0,,,,no,TRUE
BLADE HOLDER #4 (NA | BLADE HOLDER #4) (985 | BLADE HOLDER #4 (NA | BLADE HOLDER #4)),985,BLADE HOLDER #4 (NA | BLADE HOLDER #4),11,Non-Consumables,985,,,0,,0,,,,no,TRUE
BLOOD BAG (DOUBLE) (NA | NA) (1224 | BLOOD BAG (DOUBLE) (NA | NA)),1224,BLOOD BAG (DOUBLE) (NA | NA),7,Laboratory Consumables,1224,,,0,,0,,,,no,TRUE
BLOOD BAG (NA | NA) (1300 | BLOOD BAG (NA | NA)),1300,BLOOD BAG (NA | NA),9,Non-Drug Consumables,1300,,,0,,0,,,,no,TRUE
BLOOD BAG (SINGLE) (NA | NA) (1225 | BLOOD BAG (SINGLE) (NA | NA)),1225,BLOOD BAG (SINGLE) (NA | NA),7,Laboratory Consumables,1225,,,0,,0,,,,no,TRUE
BLOOD GIVING SET (NA | BLOOD GIVING SET) (600 | BLOOD GIVING SET (NA | BLOOD GIVING SET)),600,BLOOD GIVING SET (NA | BLOOD GIVING SET),5,Consumables,600,,,0.8,,0,,,,no,TRUE
BLOOD GLUCOSE MONITOTRING CHART (NA | NA) (1387 | BLOOD GLUCOSE MONITOTRING CHART (NA | NA)),1387,BLOOD GLUCOSE MONITOTRING CHART (NA | NA),10,Stationery,1387,,,0,,0,,,,no,TRUE
BLOOD LANCET (NA | BLOOD LANCET) (665 | BLOOD LANCET (NA | BLOOD LANCET)),665,BLOOD LANCET (NA | BLOOD LANCET),7,Laboratory Consumables,665,,,0,,0,,,,no,TRUE
BLOOD MIXER ROLLER (NA | NA) (1395 | BLOOD MIXER ROLLER (NA | NA)),1395,BLOOD MIXER ROLLER (NA | NA),7,Laboratory Consumables,1395,,,0,,0,,,,no,TRUE
BLOOD TRANSFUSION REQUEST FORM (NA | BLOOD TRANSFUSION REQUEST FORM) (868 | BLOOD TRANSFUSION REQUEST FORM (NA | BLOOD TRANSFUSION REQUEST FORM)),868,BLOOD TRANSFUSION REQUEST FORM (NA | BLOOD TRANSFUSION REQUEST FORM),10,Stationery,868,,,0,,0,,,,no,TRUE
BLUE INKJET X-RAY(500ML) (NA | NA) (1295 | BLUE INKJET X-RAY(500ML) (NA | NA)),1295,BLUE INKJET X-RAY(500ML) (NA | NA),11,Non-Consumables,1295,,,0,,0,,,,no,TRUE
BLUE PEN (NA | BLUE PEN) (847 | BLUE PEN (NA | BLUE PEN)),847,BLUE PEN (NA | BLUE PEN),10,Stationery,847,,,0,,0,,,,no,TRUE
BOASTER (NA | BOASTER) (988 | BOASTER (NA | BOASTER)),988,BOASTER (NA | BOASTER),11,Non-Consumables,988,,,0,,0,,,,no,TRUE
BODY BAG (NA | BODY BAG) (989 | BODY BAG (NA | BODY BAG)),989,BODY BAG (NA | BODY BAG),11,Non-Consumables,989,,,0,,0,,,,no,TRUE
BORIC ACID (NA | BORIC ACID) (990 | BORIC ACID (NA | BORIC ACID)),990,BORIC ACID (NA | BORIC ACID),11,Non-Consumables,990,,,0,,0,,,,no,TRUE
BP APARATUS (NA | BP APARATUS) (612 | BP APARATUS (NA | BP APARATUS)),612,BP APARATUS (NA | BP APARATUS),5,Consumables,612,,,300,,0,,,,no,TRUE
BP CUFF (NA | NA) (1316 | BP CUFF (NA | NA)),1316,BP CUFF (NA | NA),9,Non-Drug Consumables,1316,,,0,,0,,,,no,TRUE
Bromocriptine  (BROMOCTA1 | Bromocriptine ),BROMOCTA1,Bromocriptine  (BROMOCTA1 | Bromocriptine ),4,Pharmacy,96,Tablet,2.5 mg,3,,0,4.68,,1/2/2023,yes,TRUE
BROWN ENVELOPES A3 SIZE (NA | BROWN ENVELOPES A3 SIZE) (869 | BROWN ENVELOPES A3 SIZE (NA | BROWN ENVELOPES A3 SIZE)),869,BROWN ENVELOPES A3 SIZE (NA | BROWN ENVELOPES A3 SIZE),10,Stationery,869,,,0,,0,,,,no,TRUE
BROWN ENVELOPES A4 SIZE (NA | BROWN ENVELOPES A4 SIZE) (870 | BROWN ENVELOPES A4 SIZE (NA | BROWN ENVELOPES A4 SIZE)),870,BROWN ENVELOPES A4 SIZE (NA | BROWN ENVELOPES A4 SIZE),10,Stationery,870,,,0,,0,,,,no,TRUE
Budesonide + Formoterol (80 microgram/4.5 microgram (60 Doses)) (BUDFORGA1 | Budesonide + Formoterol),BUDFORGA1,Budesonide + Formoterol (80 microgram/4.5 microgram (60 Doses)) (BUDFORGA1 | Budesonide + Formoterol),4,Pharmacy,98,Inhaler,80 microgram/4.5 microgram (60 Doses),110,,0,143,,1/3/2025,yes,TRUE
Budesonide + Formoterol Inhaler (NA | NA) (1332 | Budesonide + Formoterol Inhaler (NA | NA)),1332,Budesonide + Formoterol Inhaler (NA | NA),4,Pharmacy,1332,0,,0,,0,,,,no,TRUE
Budesonide DPI (200 microgram (100 Doses)) (BUDESOGA2 | Budesonide DPI),BUDESOGA2,Budesonide DPI (200 microgram (100 Doses)) (BUDESOGA2 | Budesonide DPI),4,Pharmacy,100,Inhaler,200 microgram (100 Doses),0,,0,212.78,,1/3/2025,yes,TRUE
Budesonide DPI (BUDESOGA1 | Budesonide DPI),BUDESOGA1,Budesonide DPI (BUDESOGA1 | Budesonide DPI),4,Pharmacy,99,Inhaler,100 microgram (100 Doses),0,,0,108.11,,1/3/2025,yes,TRUE
Budesonide Plus Formoterol Inhaler 160m/4.5(60doses) (BUDFORGA2 | Budesonide Plus Formoterol Inhaler 160m/4.5(60doses)),BUDFORGA2,Budesonide Plus Formoterol Inhaler 160m/4.5(60doses),4,Pharmacy,97,Inhaler,160microgram/4.5 microgram (60 Doses),155,,12,151.25,,1/3/2025,yes,TRUE
BULB SUCTION (NA | NA) (1361 | BULB SUCTION (NA | NA)),1361,BULB SUCTION (NA | NA),9,Non-Drug Consumables,1361,,,0,,0,,,,no,TRUE
BUNSEN BURNER (NA | BUNSEN BURNER) (707 | BUNSEN BURNER (NA | BUNSEN BURNER)),707,BUNSEN BURNER (NA | BUNSEN BURNER),9,Non-Drug Consumables,707,,,0,,0,,,,no,TRUE
BUPIVACAINE (HEAVY) (M000557 | BUPIVACAINE (HEAVY)) (555 | BUPIVACAINE (HEAVY) (M000557 | BUPIVACAINE (HEAVY))),555,BUPIVACAINE (HEAVY) (M000557 | BUPIVACAINE (HEAVY)),4,Pharmacy,555,Injection,0.05,50,,0,,,,no,TRUE
BUTTERFLY NEEDLE 23G (NA | BUTTERFLY NEEDLE 23G) (709 | BUTTERFLY NEEDLE 23G (NA | BUTTERFLY NEEDLE 23G)),709,BUTTERFLY NEEDLE 23G (NA | BUTTERFLY NEEDLE 23G),9,Non-Drug Consumables,709,,,0,,0,,,,no,TRUE
Caffeine Citrate 10 mg/ mL (CC10 | Caffeine Citrate 10 mg/ mL),CC10,Caffeine Citrate 10 mg/ mL,,,,Injection,10 mg/ mL,0,,0,,,,no,TRUE
Calamine Cream (CALAMICR1 | Calamine Cream),CALAMICR1,Calamine Cream,4,Pharmacy,101,Cream,0.15,20,,0,18.04,,1/3/2025,yes,TRUE
Calamine Lotion (CALAMILO1 | Calamine Lotion),CALAMILO1,Calamine Lotion,4,Pharmacy,102,Lotion,0.15,18,,6,11.55,,1/3/2025,yes,TRUE
Calciferol  (CALCIFTA1 | Calciferol ),CALCIFTA1,Calciferol  (CALCIFTA1 | Calciferol ),4,Pharmacy,103,Tablet,"10,000 units",0,,0,2.39,,1/2/2023,yes,TRUE
Calcium Carbonate Tablet 500mg (CALCARTA1 | Calcium Carbonate Tablet 500mg),CALCARTA1,Calcium Carbonate Tablet 500mg,4,Pharmacy,105,Tablet,500 mg,2,,0,3.3,,1/3/2025,yes,TRUE
Calcium Gluconate Injection (CALGLUIN1 | Calcium Gluconate Injection),CALGLUIN1,Calcium Gluconate Injection,4,Pharmacy,104,Injection,100 mg/mL in 10 mL,55,,40,29.7,,1/3/2025,yes,TRUE
Calcium with Vitamin D  (CALVITTA1 | Calcium with Vitamin D ),CALVITTA1,Calcium with Vitamin D  (CALVITTA1 | Calcium with Vitamin D ),4,Pharmacy,106,Tablet,97 mg + 10 microgram,0,,0,1.47,,1/3/2025,yes,TRUE
CALCULATOR (NA | CALCULATOR) (871 | CALCULATOR (NA | CALCULATOR)),871,CALCULATOR (NA | CALCULATOR),10,Stationery,871,,,0,,0,,,,no,TRUE
CANDIBIOTIC EAR  (M000559 | CANDIBIOTIC EAR ),M000559,CANDIBIOTIC EAR  (M000559 | CANDIBIOTIC EAR ),4,Pharmacy,557,0,,0,,0,,,,no,TRUE
Capecitabine  (CAPECITA1 | Capecitabine ),CAPECITA1,Capecitabine  (CAPECITA1 | Capecitabine ),4,Pharmacy,107,Tablet,500 mg,20,,0,19.76,,1/2/2023,yes,TRUE
CAR BATTERY (NA | NA) (1330 | CAR BATTERY (NA | NA)),1330,CAR BATTERY (NA | NA),8,Miscellaneous Preparations,1330,,,0,,0,,,,no,TRUE
CAR TYRES (NA | CAR TYRES) (991 | CAR TYRES (NA | CAR TYRES)),991,CAR TYRES (NA | CAR TYRES),11,Non-Consumables,991,,,0,,0,,,,no,TRUE
Carbamazepine  () (M000663 | Carbamazepine),M000663,Carbamazepine  () (M000663 | Carbamazepine),4,Pharmacy,1245,Syrup,,0,,0,,,,no,TRUE
Carbamazepine (100 mg) (CARBAMTA1 | Carbamazepine ) (Tablet),CARBAMTA1,Carbamazepine (100 mg) (CARBAMTA1 | Carbamazepine ) (Tablet),4,Pharmacy,110,Tablet,100 mg,0,,0,1.21,,1/3/2025,yes,TRUE
Carbamazepine Sustained Release (200mg) (CARBAMTA3 | Carbamazepine Sustained Release),CARBAMTA3,Carbamazepine Sustained Release (200mg) (CARBAMTA3 | Carbamazepine Sustained Release),4,Pharmacy,1244,Tablet,200mg,0,,0,,,,no,TRUE
Carbamazepine Sustained Release (CARBAMTA4 | Carbamazepine Sustained Release),CARBAMTA4,Carbamazepine Sustained Release (CARBAMTA4 | Carbamazepine Sustained Release),4,Pharmacy,1243,Tablet,400mg,0,,0,,,,no,TRUE
Carbamazepine Tablet 200mg (CARBAMTA2 | Carbamazepine Tablet 200mg),CARBAMTA2,Carbamazepine Tablet 200mg,4,Pharmacy,111,Tablet,200 mg,1.2,,0.2,1.05,,1/3/2025,yes,TRUE
Carbimazole  (5 mg) (CARBIMTA1 | Carbimazole ),CARBIMTA1,Carbimazole  (5 mg) (CARBIMTA1 | Carbimazole ),4,Pharmacy,113,Tablet,5 mg,18,,0,1.16,,1/3/2025,yes,TRUE
Carbimazole  (CARBIMTA2 | Carbimazole ),CARBIMTA2,Carbimazole  (CARBIMTA2 | Carbimazole ),4,Pharmacy,112,Tablet,20 mg,0,,0,2.2,,1/3/2025,yes,TRUE
Carbocisteine Syrup Adult (CARBOCSY2 | Carbocisteine Syrup Adult),CARBOCSY2,Carbocisteine Syrup Adult,4,Pharmacy,115,Syrup,250 mg/5 mL,11,,0,11.06,,1/3/2025,yes,TRUE
Carbocisteine Syrup Paediatric (CARBOCSY1 | Carbocisteine Syrup Paediatric),CARBOCSY1,Carbocisteine Syrup Paediatric,4,Pharmacy,114,Syrup,125 mg/5 mL Paed,15,,0,14.3,,1/3/2025,yes,TRUE
CARBOLIC SOAP (NA | NA) (1197 | CARBOLIC SOAP (NA | NA)),1197,CARBOLIC SOAP (NA | NA),6,Disinfectants,1197,,,0,,0,,,,no,TRUE
CARBON PAPER (NA | CARBON PAPER) (872 | CARBON PAPER (NA | CARBON PAPER)),872,CARBON PAPER (NA | CARBON PAPER),10,Stationery,872,,,0,,0,,,,no,TRUE
Carboplatin  (450 mg) (CARBOPIN2 | Carboplatin ),CARBOPIN2,Carboplatin  (450 mg) (CARBOPIN2 | Carboplatin ),4,Pharmacy,117,Injection,450 mg,0,,0,559.68,,1/2/2023,yes,TRUE
Carboplatin  (CARBOPIN1 | Carboplatin ),CARBOPIN1,Carboplatin  (CARBOPIN1 | Carboplatin ),4,Pharmacy,116,Injection,150 mg,0,,0,244.2,,1/2/2023,yes,TRUE
CARRIER BAG L/S (NA | NA) (1134 | CARRIER BAG L/S (NA | NA)),1134,CARRIER BAG L/S (NA | NA),4,Pharmacy,1134,0,,0,,0,,,,no,TRUE
CARRIER BAG M/S (M000608 | NA),M000608,CARRIER BAG M/S (M000608 | NA),4,Pharmacy,1133,0,,0,,0,,,,no,TRUE
CARRIER BAG S/S (M000609 | NA),M000609,CARRIER BAG S/S (M000609 | NA),4,Pharmacy,1135,0,,0,,0,,,,no,TRUE
Carvedilol  (12.5 mg) (CARVEDTA2 | Carvedilol ),CARVEDTA2,Carvedilol  (12.5 mg) (CARVEDTA2 | Carvedilol ),4,Pharmacy,119,Tablet,12.5 mg,1.8,,0,1.88,,1/2/2023,yes,TRUE
Carvedilol  (CARVEDTA1 | Carvedilol ),CARVEDTA1,Carvedilol  (CARVEDTA1 | Carvedilol ),4,Pharmacy,118,Tablet,3.125 mg,0,,0,1.49,,1/2/2023,yes,TRUE
CASES (NA | CASES) (992 | CASES (NA | CASES)),992,CASES (NA | CASES),11,Non-Consumables,992,,,0,,0,,,,no,TRUE
CATGUT CHROMIC 1 (NA | CATGUT CHROMIC 1) (614 | CATGUT CHROMIC 1 (NA | CATGUT CHROMIC 1)),614,CATGUT CHROMIC 1 (NA | CATGUT CHROMIC 1),5,Consumables,614,,,10,,0,,,,no,TRUE
CATGUT CHROMIC 2 (NA | CATGUT CHROMIC 2) (710 | CATGUT CHROMIC 2 (NA | CATGUT CHROMIC 2)),710,CATGUT CHROMIC 2 (NA | CATGUT CHROMIC 2),9,Non-Drug Consumables,710,,,0,,0,,,,no,TRUE
CATGUT CHROMIC 2/0 (NA | CATGUT CHROMIC 2/0) (711 | CATGUT CHROMIC 2/0 (NA | CATGUT CHROMIC 2/0)),711,CATGUT CHROMIC 2/0 (NA | CATGUT CHROMIC 2/0),9,Non-Drug Consumables,711,,,0,,0,,,,no,TRUE
CATGUT CHROMIC O (NA | CATGUT CHROMIC O) (712 | CATGUT CHROMIC O (NA | CATGUT CHROMIC O)),712,CATGUT CHROMIC O (NA | CATGUT CHROMIC O),9,Non-Drug Consumables,712,,,0,,0,,,,no,TRUE
CATGUT NYLON 1 (NA | CATGUT NYLON 1) (615 | CATGUT NYLON 1 (NA | CATGUT NYLON 1)),615,CATGUT NYLON 1 (NA | CATGUT NYLON 1),5,Consumables,615,,,9,,0,,,,no,TRUE
CATGUT NYLON 2 (NA | NA) (1199 | CATGUT NYLON 2 (NA | NA)),1199,CATGUT NYLON 2 (NA | NA),9,Non-Drug Consumables,1199,,,0,,0,,,,no,TRUE
CATGUT NYLON 2/0 (NA | CATGUT NYLON 2/0) (713 | CATGUT NYLON 2/0 (NA | CATGUT NYLON 2/0)),713,CATGUT NYLON 2/0 (NA | CATGUT NYLON 2/0),9,Non-Drug Consumables,713,,,0,,0,,,,no,TRUE
CATGUT NYLON 3/0 (NA | CATGUT NYLON 3/0) (714 | CATGUT NYLON 3/0 (NA | CATGUT NYLON 3/0)),714,CATGUT NYLON 3/0 (NA | CATGUT NYLON 3/0),9,Non-Drug Consumables,714,,,0,,0,,,,no,TRUE
CATGUT NYLON O (NA | CATGUT NYLON O) (617 | CATGUT NYLON O (NA | CATGUT NYLON O)),617,CATGUT NYLON O (NA | CATGUT NYLON O),5,Consumables,617,,,9,,0,,,,no,TRUE
Cefaclor  (125 mg/5 mL) (CEFACLSU1 | Cefaclor ),CEFACLSU1,Cefaclor  (125 mg/5 mL) (CEFACLSU1 | Cefaclor ),4,Pharmacy,122,Suspension,125 mg/5 mL,0,,0,40.15,,1/3/2025,yes,TRUE
Cefaclor  (250 mg/5 mL) (CEFACLSU2 | Cefaclor ),CEFACLSU2,Cefaclor  (250 mg/5 mL) (CEFACLSU2 | Cefaclor ),4,Pharmacy,123,Suspension,250 mg/5 mL,0,,0,59.95,,1/3/2025,yes,TRUE
Cefaclor  (500 mg) (CEFACLCA2 | Cefaclor ),CEFACLCA2,Cefaclor  (500 mg) (CEFACLCA2 | Cefaclor ),4,Pharmacy,121,Capsule,500 mg,0,,0,12.65,,1/3/2025,yes,TRUE
Cefaclor  (CEFACLCA1 | Cefaclor ),CEFACLCA1,Cefaclor  (CEFACLCA1 | Cefaclor ),4,Pharmacy,120,Capsule,250 mg,0,,0,6.86,,1/3/2025,yes,TRUE
CEFIXIME  (M000560 | CEFIXIME ),M000560,CEFIXIME  (M000560 | CEFIXIME ),4,Pharmacy,558,Tablet,200mg,3,,0,,,,no,TRUE
Cefotaxime  (CEFOTAIN2 | Cefotaxime ),CEFOTAIN2,Cefotaxime  (CEFOTAIN2 | Cefotaxime ),4,Pharmacy,124,Injection,1 g,35,,15,20.2,,1/3/2025,yes,TRUE
Cefotaxime Injection 1g (CEFOTAIN1 | Cefotaxime Injection 1g),CEFOTAIN1,Cefotaxime Injection 1g,4,Pharmacy,125,Injection,500 mg,0,,0,14.85,,1/3/2025,yes,TRUE
CEFTAZIDIME (FORTUM)  (M000561 | CEFTAZIDIME (FORTUM) ) (559 | CEFTAZIDIME (FORTUM)  (M000561 | CEFTAZIDIME (FORTUM) )),559,CEFTAZIDIME (FORTUM)  (M000561 | CEFTAZIDIME (FORTUM) ),4,Pharmacy,559,Injection,1G,35,,0,,,,no,TRUE
Ceftriazone  (500 mg) (CEFTRIIN2 | Ceftriazone ),CEFTRIIN2,Ceftriazone  (500 mg) (CEFTRIIN2 | Ceftriazone ),4,Pharmacy,127,Injection,500 mg,10,,0,8.8,,1/3/2025,yes,TRUE
Ceftriazone (1 g) (CEFTRIIN3 | Ceftriazone),CEFTRIIN3,Ceftriazone (1 g) (CEFTRIIN3 | Ceftriazone),4,Pharmacy,126,Injection,1g,14,,0,13.2,,1/3/2025,yes,TRUE
Cefuroxime Injection 750mg (CEFUROIN1 | Cefuroxime Injection 750mg),CEFUROIN1,Cefuroxime Injection 750mg,4,Pharmacy,128,Injection,750 mg,15,,3,13.2,,1/3/2025,yes,TRUE
Cefuroxime Suspension 125mg/5ml (CEFUROSU1 | Cefuroxime Suspension 125mg/5ml),CEFUROSU1,Cefuroxime Suspension 125mg/5ml,4,Pharmacy,130,Suspension,125 mg/5 mL,22,,3,20.56,,1/3/2025,yes,TRUE
Cefuroxime Tablet 250mg (CEFUROTA2 | Cefuroxime Tablet 250mg),CEFUROTA2,Cefuroxime Tablet 250mg,4,Pharmacy,132,Tablet,250 mg,2.5,,0.2,2.17,,1/3/2025,yes,TRUE
CEILLING FAN (NA | CEILLING FAN) (993 | CEILLING FAN (NA | CEILLING FAN)),993,CEILLING FAN (NA | CEILLING FAN),11,Non-Consumables,993,,,0,,0,,,,no,TRUE
CEILLING ROSE (NA | CEILLING ROSE) (994 | CEILLING ROSE (NA | CEILLING ROSE)),994,CEILLING ROSE (NA | CEILLING ROSE),11,Non-Consumables,994,,,0,,0,,,,no,TRUE
Celecoxib  (200 mg) (CELECOTA2 | Celecoxib ),CELECOTA2,Celecoxib  (200 mg) (CELECOTA2 | Celecoxib ),4,Pharmacy,134,Tablet,200 mg,1.8,,0,,,,no,TRUE
Celecoxib (100 MG) (M000675 | Celecoxib),M000675,Celecoxib (100 MG) (M000675 | Celecoxib),4,Pharmacy,1344,Capsule,100 MG,1.8,,0,,,,no,TRUE
CELL PACK (NA | CELL PACK) (666 | CELL PACK (NA | CELL PACK)),666,CELL PACK (NA | CELL PACK),7,Laboratory Consumables,666,,,0,,0,,,,no,TRUE
CELLCLEAN 50ML (NA | CELLCLEAN 50ML) (995 | CELLCLEAN 50ML (NA | CELLCLEAN 50ML)),995,CELLCLEAN 50ML (NA | CELLCLEAN 50ML),11,Non-Consumables,995,,,0,,0,,,,no,TRUE
CELLULOS/ACETORTE PAPER (NA | NA) (1284 | CELLULOS/ACETORTE PAPER (NA | NA)),1284,CELLULOS/ACETORTE PAPER (NA | NA),7,Laboratory Consumables,1284,,,0,,0,,,,no,TRUE
CENTRIFUGE TUBE (NA | NA) (1362 | CENTRIFUGE TUBE (NA | NA)),1362,CENTRIFUGE TUBE (NA | NA),7,Laboratory Consumables,1362,,,0,,0,,,,no,TRUE
CERVICAL COLLAR (HARD) L (NA | CERVICAL COLLAR (HARD) L) (715 | CERVICAL COLLAR (HARD) L (NA | CERVICAL COLLAR (HARD) L)),715,CERVICAL COLLAR (HARD) L (NA | CERVICAL COLLAR (HARD) L),9,Non-Drug Consumables,715,,,0,,0,,,,no,TRUE
CERVICAL COLLAR (SOFT) M (NA | CERVICAL COLLAR (SOFT) M) (716 | CERVICAL COLLAR (SOFT) M (NA | CERVICAL COLLAR (SOFT) M)),716,CERVICAL COLLAR (SOFT) M (NA | CERVICAL COLLAR (SOFT) M),9,Non-Drug Consumables,716,,,0,,0,,,,no,TRUE
Cetirizine Syrup (CETIRISY1 | Cetirizine Syrup),CETIRISY1,Cetirizine Syrup,4,Pharmacy,135,Syrup,5 mg/5 mL,8,,0,8.8,,1/3/2025,yes,TRUE
Cetirizine Tablet 10mg (CETIRITA1 | Cetirizine Tablet 10mg),CETIRITA1,Cetirizine Tablet 10mg,4,Pharmacy,136,Tablet,10 mg,0.2,,0,0.07,,1/3/2025,yes,TRUE
Cetrimide Solution (CETRIMSO1 | Cetrimide Solution),CETRIMSO1,Cetrimide Solution (CETRIMSO1 | Cetrimide Solution),4,Pharmacy,137,Solution,,0,,0,7.15,,1/3/2025,yes,TRUE
CHAIMOI CLOTH (NA | NA) (1368 | CHAIMOI CLOTH (NA | NA)),1368,CHAIMOI CLOTH (NA | NA),9,Non-Drug Consumables,1368,,,0,,0,,,,no,TRUE
CHARGABLE LAMP (VARIOUS) (NA | NA) (1273 | CHARGABLE LAMP (VARIOUS) (NA | NA)),1273,CHARGABLE LAMP (VARIOUS) (NA | NA),12,Electricals,1273,,,0,,0,,,,no,TRUE
CHATTEL (NA | NA) (1376 | CHATTEL (NA | NA)),1376,CHATTEL (NA | NA),9,Non-Drug Consumables,1376,,,0,,0,,,,no,TRUE
CHEST TUBE SIZE 16 (NA | CHEST TUBE SIZE 16) (717 | CHEST TUBE SIZE 16 (NA | CHEST TUBE SIZE 16)),717,CHEST TUBE SIZE 16 (NA | CHEST TUBE SIZE 16),9,Non-Drug Consumables,717,,,0,,0,,,,no,TRUE
CHEST TUBE SIZE 18 (NA | CHEST TUBE SIZE 18) (718 | CHEST TUBE SIZE 18 (NA | CHEST TUBE SIZE 18)),718,CHEST TUBE SIZE 18 (NA | CHEST TUBE SIZE 18),9,Non-Drug Consumables,718,,,0,,0,,,,no,TRUE
CHEST TUBE SIZE 22 (NA | CHEST TUBE SIZE 22) (719 | CHEST TUBE SIZE 22 (NA | CHEST TUBE SIZE 22)),719,CHEST TUBE SIZE 22 (NA | CHEST TUBE SIZE 22),9,Non-Drug Consumables,719,,,0,,0,,,,no,TRUE
CHEST TUBE SIZE 24 (NA | CHEST TUBE SIZE 24) (720 | CHEST TUBE SIZE 24 (NA | CHEST TUBE SIZE 24)),720,CHEST TUBE SIZE 24 (NA | CHEST TUBE SIZE 24),9,Non-Drug Consumables,720,,,0,,0,,,,no,TRUE
CHEST TUBE SIZE 28 (NA | CHEST TUBE SIZE 28) (721 | CHEST TUBE SIZE 28 (NA | CHEST TUBE SIZE 28)),721,CHEST TUBE SIZE 28 (NA | CHEST TUBE SIZE 28),9,Non-Drug Consumables,721,,,0,,0,,,,no,TRUE
CHILDRENS COT (NA | CHILDRENS COT) (722 | CHILDRENS COT (NA | CHILDRENS COT)),722,CHILDRENS COT (NA | CHILDRENS COT),9,Non-Drug Consumables,722,,,0,,0,,,,no,TRUE
Chloramphenicol  (125mg/5mL) (CHLORASU1 | Chloramphenicol ),CHLORASU1,Chloramphenicol  (125mg/5mL) (CHLORASU1 | Chloramphenicol ),4,Pharmacy,142,Suspension,125mg/5mL,0,,0,8.58,,1/3/2025,yes,TRUE
Chloramphenicol  (CHLORAIN1 | Chloramphenicol ),CHLORAIN1,Chloramphenicol  (CHLORAIN1 | Chloramphenicol ),4,Pharmacy,141,Injection,1 g,4,,0,1.65,,1/3/2025,yes,TRUE
Chloramphenicol Ear  (CHLORAED1 | Chloramphenicol Ear ),CHLORAED1,Chloramphenicol Ear  (CHLORAED1 | Chloramphenicol Ear ),4,Pharmacy,138,Drops,0.05,6,,0,6.88,,1/3/2025,yes,TRUE
Chloramphenicol Eye  (0.01) (CHLORAEO1 | Chloramphenicol Eye ),CHLORAEO1,Chloramphenicol Eye  (0.01) (CHLORAEO1 | Chloramphenicol Eye ),4,Pharmacy,140,Ointment,0.01,9,,0,8.8,,1/3/2025,yes,TRUE
Chloramphenicol Eye Drop (CHLORAID1 | Chloramphenicol Eye Drop),CHLORAID1,Chloramphenicol Eye Drop,4,Pharmacy,139,Drops,0.005,7,,0,6.38,,1/3/2025,yes,TRUE
Chlorhexidine  (0.025) (CHLORHSO1 | Chlorhexidine ),CHLORHSO1,Chlorhexidine  (0.025) (CHLORHSO1 | Chlorhexidine ),4,Pharmacy,146,Solution,0.025,0,,0,75.13,,1/3/2025,yes,TRUE
Chlorhexidine  (7.1 % Digluconate  delivering 4% chlorhexidine) (CHLORHGE1 | Chlorhexidine ),CHLORHGE1,Chlorhexidine  (7.1 % Digluconate  delivering 4% chlorhexidine) (CHLORHGE1 | Chlorhexidine ),4,Pharmacy,144,Gel,7.1 % Digluconate  delivering 4% chlorhexidine,0,,0,24.75,,1/3/2025,yes,TRUE
Chlorhexidine  (CHLORHCR1 | Chlorhexidine ),CHLORHCR1,Chlorhexidine  (CHLORHCR1 | Chlorhexidine ),4,Pharmacy,143,Cream,0.01,0,,0,28.6,,1/3/2025,yes,TRUE
Chlorhexidine Mouth Wash  (CHLORHMW2 | Chlorhexidine Mouth Wash ),CHLORHMW2,Chlorhexidine Mouth Wash  (CHLORHMW2 | Chlorhexidine Mouth Wash ),4,Pharmacy,145,Solution,0.0012,0,,0,22.69,,1/3/2025,yes,TRUE
CHLORINATED LIME (NA | CHLORINATED LIME) (996 | CHLORINATED LIME (NA | CHLORINATED LIME)),996,CHLORINATED LIME (NA | CHLORINATED LIME),11,Non-Consumables,996,,,0,,0,,,,no,TRUE
chlorine solution (NA | NA) (1253 | chlorine solution (NA | NA)),1253,chlorine solution (NA | NA),5,Consumables,1253,,,0,,0,,,,no,TRUE
CHLORINE TABLET (NA | CHLORINE TABLET) (667 | CHLORINE TABLET (NA | CHLORINE TABLET)),667,CHLORINE TABLET (NA | CHLORINE TABLET),7,Laboratory Consumables,667,,,0,,0,,,,no,TRUE
Chlorphenamine Syrup 2mg/5ml (CHLPHESY1 | Chlorphenamine Syrup 2mg/5ml),CHLPHESY1,Chlorphenamine Syrup 2mg/5ml,4,Pharmacy,147,Syrup,2 mg/5 mL,8,,0,11,,1/3/2025,yes,TRUE
Chlorphenamine Tablet 4mg (CHLPHETA1 | Chlorphenamine Tablet 4mg),CHLPHETA1,Chlorphenamine Tablet 4mg,4,Pharmacy,148,Tablet,4 mg,0.2,,0.05,0.17,,1/3/2025,yes,TRUE
Chlorpromazine  (25 mg) (CHLPROTA1 | Chlorpromazine ),CHLPROTA1,Chlorpromazine  (25 mg) (CHLPROTA1 | Chlorpromazine ),4,Pharmacy,151,Tablet,25 mg,0,,0,5.94,,1/3/2025,yes,TRUE
Chlorpromazine  (50 mg) (CHLPROTA2 | Chlorpromazine ),CHLPROTA2,Chlorpromazine  (50 mg) (CHLPROTA2 | Chlorpromazine ),4,Pharmacy,152,Tablet,50 mg,1,,0,0.2,,1/3/2025,yes,TRUE
Chlorpromazine Injection 25mg/ml (CHLPROIN1 | Chlorpromazine Injection 25mg/ml),CHLPROIN1,Chlorpromazine Injection 25mg/ml,4,Pharmacy,149,Injection,25 mg/mL in 2 mL,10,,0,7.7,,1/3/2025,yes,TRUE
Chlorpromazine Tablet 100mg (CHLPROTA3 | Chlorpromazine Tablet 100mg),CHLPROTA3,Chlorpromazine Tablet 100mg,4,Pharmacy,150,Tablet,100 mg,2,,0,0.58,,1/3/2025,yes,TRUE
Cholera Replacement Fluid  (5:4:1 500 mL) (CHREFLIN1 | Cholera Replacement Fluid ),CHREFLIN1,Cholera Replacement Fluid  (5:4:1 500 mL) (CHREFLIN1 | Cholera Replacement Fluid ),4,Pharmacy,154,Infusion,5:4:1 500 mL,0,,0,10.98,,1/3/2025,yes,TRUE
Cholera Replacement Fluid (CHREFLIN2 | Cholera Replacement Fluid),CHREFLIN2,Cholera Replacement Fluid (CHREFLIN2 | Cholera Replacement Fluid),4,Pharmacy,153,Infusion,5:4:1 1 Litre,0,,0,19.6,,1/3/2025,yes,TRUE
Cinnarizine Tablet 25mg (M000591 | Cinnarizine Tablet 25mg),M000591,Cinnarizine Tablet 25mg,4,Pharmacy,591,Tablet,25mg,4.6,,0,,,,no,TRUE
Ciprofloxacin Eye/Ear Drop (M000660 | Ciprofloxacin Eye/Ear Drop),M000660,Ciprofloxacin Eye/Ear Drop,4,Pharmacy,1242,0,0.003,8,,0,,,,no,TRUE
Ciprofloxacin Eye/Ear Drop (CIPROFID1 | Ciprofloxacin Eye/Ear Drop),CIPROFID1,Ciprofloxacin Eye/Ear Drop,4,Pharmacy,156,Drops,0.003,7,,3,5.17,,1/3/2025,yes,TRUE
Ciprofloxacin Infusion 200mg/100ml (CIPROFIN1 | Ciprofloxacin Infusion 200mg/100ml),CIPROFIN1,Ciprofloxacin Infusion 200mg/100ml,4,Pharmacy,157,Infusion,2 mg/mL in 100 mL,10,,1,9.35,,1/3/2025,yes,TRUE
Ciprofloxacin Tablet 500mg (CIPROFTA2 | Ciprofloxacin Tablet 500mg),CIPROFTA2,Ciprofloxacin Tablet 500mg,4,Pharmacy,159,Tablet,500 mg,0.7,,0.1,0.61,,1/3/2025,yes,TRUE
Ciprofloxacin/Tinidazole Tablet 500mg/600 Mg (CIPTINTA1 | Ciprofloxacin/Tinidazole Tablet 500mg/600 Mg),CIPTINTA1,Ciprofloxacin/Tinidazole Tablet 500mg/600 Mg,4,Pharmacy,155,Tablet,500 mg + 500 mg,3,,0,2.85,,1/3/2025,yes,TRUE
CLAIM FORM (NA | CLAIM FORM) (873 | CLAIM FORM (NA | CLAIM FORM)),873,CLAIM FORM (NA | CLAIM FORM),10,Stationery,873,,,0,,0,,,,no,TRUE
Clarithromycin  (125 mg/5 mL Paed) (CLARITSU1 | Clarithromycin ),CLARITSU1,Clarithromycin  (125 mg/5 mL Paed) (CLARITSU1 | Clarithromycin ),4,Pharmacy,162,Suspension,125 mg/5 mL Paed,150,,0,110.28,,1/3/2025,yes,TRUE
Clarithromycin Tablet 250mg (CLARITCA1 | Clarithromycin Tablet 250mg),CLARITCA1,Clarithromycin Tablet 250mg,4,Pharmacy,160,Capsule,250 mg,2.9,,0,3.08,,1/3/2025,yes,TRUE
Clarithromycin Tablet 500mg (CLARITCA2 | Clarithromycin Tablet 500mg),CLARITCA2,Clarithromycin Tablet 500mg,4,Pharmacy,161,Capsule,500 mg,5.7,,0.15,5.5,,1/3/2025,yes,TRUE
Clindamycin  (0.01) (CLINDASO1 | Clindamycin ),CLINDASO1,Clindamycin  (0.01) (CLINDASO1 | Clindamycin ),4,Pharmacy,166,Solution,0.01,0,,0,100.1,,1/3/2025,yes,TRUE
Clindamycin  (150 mg/mL in 2 mL) (CLINDAIN1 | Clindamycin ),CLINDAIN1,Clindamycin  (150 mg/mL in 2 mL) (CLINDAIN1 | Clindamycin ),4,Pharmacy,164,Injection,150 mg/mL in 2 mL,30,,3,29.17,,1/3/2025,yes,TRUE
Clindamycin  (75 mg/5 mL) (CLINDASU1 | Clindamycin ),CLINDASU1,Clindamycin  (75 mg/5 mL) (CLINDASU1 | Clindamycin ),4,Pharmacy,165,Suspension,75 mg/5 mL,0,,0,207.9,,1/3/2025,yes,TRUE
Clindamycin Capsule 150mg (CLINDACA1 | Clindamycin Capsule 150mg),CLINDACA1,Clindamycin Capsule 150mg,4,Pharmacy,163,Capsule,150 mg,0.9,,0.2,0.77,,1/3/2025,yes,TRUE
Clobetasol Propionate  (CLOPROCR1 | Clobetasol Propionate ),CLOPROCR1,Clobetasol Propionate  (CLOPROCR1 | Clobetasol Propionate ),4,Pharmacy,167,Cream,0.0005,0,,0,57.48,,1/3/2025,yes,TRUE
Clotrimazole  (500 mg) (CLOTRIVP3 | Clotrimazole ),CLOTRIVP3,Clotrimazole  (500 mg) (CLOTRIVP3 | Clotrimazole ),4,Pharmacy,173,Pessary,500 mg,0,,0,21.01,,1/3/2025,yes,TRUE
Clotrimazole Cream 1% (CLOTRICR1 | Clotrimazole Cream 1%),CLOTRICR1,Clotrimazole Cream 1%,4,Pharmacy,169,Cream,0.01,10,,0,8.8,,1/3/2025,yes,TRUE
Clotrimazole Cream 2% (CLOTRICR2 | Clotrimazole Cream 2%),CLOTRICR2,Clotrimazole Cream 2%,4,Pharmacy,170,Cream,0.02,13,,0,11.55,,1/3/2025,yes,TRUE
Clotrimazole Pessary 100mg (CLOTRIVP1 | Clotrimazole Pessary 100mg),CLOTRIVP1,Clotrimazole Pessary 100mg,4,Pharmacy,171,Pessary,100 mg,13,,0,11.55,,1/3/2025,yes,TRUE
Clotrimazole/Hydrocortisone Cream (CLOHYDCR1 | Clotrimazole/Hydrocortisone Cream),CLOHYDCR1,Clotrimazole/Hydrocortisone Cream,4,Pharmacy,168,Cream,1% + 1%,17,,0,16.5,,1/3/2025,yes,TRUE
CLOTRIMZOLE+METRONIDAZOLE PASSARY (M000624 | NA),M000624,CLOTRIMZOLE+METRONIDAZOLE PASSARY (M000624 | NA),4,Pharmacy,1151,0,,0,,0,,,,no,TRUE
Cloxacillin  (500 mg) (CLOXACIN2 | Cloxacillin ),CLOXACIN2,Cloxacillin  (500 mg) (CLOXACIN2 | Cloxacillin ),4,Pharmacy,175,Injection,500 mg,0,,0,11.28,,1/3/2025,yes,TRUE
Cloxacillin (CLOXACIN1 | Cloxacillin),CLOXACIN1,Cloxacillin (CLOXACIN1 | Cloxacillin),4,Pharmacy,174,Injection,250 mg,0,,0,2.71,,1/3/2025,yes,TRUE
Co-trimoxazole  (COTRIMSU1 | Co-trimoxazole ),COTRIMSU1,Co-trimoxazole  (COTRIMSU1 | Co-trimoxazole ),4,Pharmacy,182,Suspension,200+40 mg/5 mL,10,,0,9.46,,1/3/2025,yes,TRUE
COCOA POWDER (NA | COCOA POWDER) (997 | COCOA POWDER (NA | COCOA POWDER)),997,COCOA POWDER (NA | COCOA POWDER),11,Non-Consumables,997,,,0,,0,,,,no,TRUE
Codeine  (CODEINTA1 | Codeine ),CODEINTA1,Codeine  (CODEINTA1 | Codeine ),4,Pharmacy,176,Tablet,30 mg,0,,0,1.8,,1/3/2025,yes,TRUE
COLOUR INK (NA | COLOUR INK) (874 | COLOUR INK (NA | COLOUR INK)),874,COLOUR INK (NA | COLOUR INK),10,Stationery,874,,,0,,0,,,,no,TRUE
COLOURING AGENT (NA | COLOURING AGENT) (998 | COLOURING AGENT (NA | COLOURING AGENT)),998,COLOURING AGENT (NA | COLOURING AGENT),11,Non-Consumables,998,,,0,,0,,,,no,TRUE
COMBI 10 (NA | COMBI 10) (652 | COMBI 10 (NA | COMBI 10)),652,COMBI 10 (NA | COMBI 10),7,Laboratory Consumables,652,,,0,,0,,,,no,TRUE
COMBI 2 (NA | COMBI 2) (653 | COMBI 2 (NA | COMBI 2)),653,COMBI 2 (NA | COMBI 2),7,Laboratory Consumables,653,,,0,,0,,,,no,TRUE
COMBI BOX (NA | COMBI BOX) (999 | COMBI BOX (NA | COMBI BOX)),999,COMBI BOX (NA | COMBI BOX),11,Non-Consumables,999,,,0,,0,,,,no,TRUE
COMPUTER MOUSE (NA | COMPUTER MOUSE) (1093 | COMPUTER MOUSE (NA | COMPUTER MOUSE)),1093,COMPUTER MOUSE (NA | COMPUTER MOUSE),11,Non-Consumables,1093,,,0,,0,,,,no,TRUE
CONDOM (MALE) (NA | NA) (1335 | CONDOM (MALE) (NA | NA)),1335,CONDOM (MALE) (NA | NA),8,Miscellaneous Preparations,1335,,,0,,0,,,,no,TRUE
CONICAL TEST TUBES (NA | CONICAL TEST TUBES) (668 | CONICAL TEST TUBES (NA | CONICAL TEST TUBES)),668,CONICAL TEST TUBES (NA | CONICAL TEST TUBES),7,Laboratory Consumables,668,,,0,,0,,,,no,TRUE
Conjugated Oestrogen  (625 microgram/g) (CONOESVC1 | Conjugated Oestrogen ),CONOESVC1,Conjugated Oestrogen  (625 microgram/g) (CONOESVC1 | Conjugated Oestrogen ),4,Pharmacy,179,Cream,625 microgram/g,0,,0,165.05,,1/2/2023,yes,TRUE
Conjugated Oestrogen  (CONOESTA1 | Conjugated Oestrogen ),CONOESTA1,Conjugated Oestrogen  (CONOESTA1 | Conjugated Oestrogen ),4,Pharmacy,178,Tablet,625 microgram,0,,0,1.5,,1/2/2023,yes,TRUE
Conjugated Oestrogen + Norgesterol  (COOENOTA1 | Conjugated Oestrogen + Norgesterol ),COOENOTA1,Conjugated Oestrogen + Norgesterol  (COOENOTA1 | Conjugated Oestrogen + Norgesterol ),4,Pharmacy,177,Tablet,625 microgram + 150 microgram,8,,0,3.77,,1/3/2025,yes,TRUE
CONSENT FORM (NA | CONSENT FORM) (875 | CONSENT FORM (NA | CONSENT FORM)),875,CONSENT FORM (NA | CONSENT FORM),10,Stationery,875,,,0,,0,,,,no,TRUE
CONSULTING ROOM REGISTER (NA | CONSULTING ROOM REGISTER) (876 | CONSULTING ROOM REGISTER (NA | CONSULTING ROOM REGISTER)),876,CONSULTING ROOM REGISTER (NA | CONSULTING ROOM REGISTER),10,Stationery,876,,,0,,0,,,,no,TRUE
CONTINUATION SHEETS (NA | CONTINUATION SHEETS) (877 | CONTINUATION SHEETS (NA | CONTINUATION SHEETS)),877,CONTINUATION SHEETS (NA | CONTINUATION SHEETS),10,Stationery,877,,,0,,0,,,,no,TRUE
CORD CLAMP (NA | CORD CLAMP) (723 | CORD CLAMP (NA | CORD CLAMP)),723,CORD CLAMP (NA | CORD CLAMP),9,Non-Drug Consumables,723,,,0,,0,,,,no,TRUE
Corticosteroid + Antibiotic Eye Drops (CORANTID1 | Corticosteroid + Antibiotic Eye Drops),CORANTID1,Corticosteroid + Antibiotic Eye Drops (CORANTID1 | Corticosteroid + Antibiotic Eye Drops),4,Pharmacy,180,Drops,,8,,0,41.8,,1/3/2025,yes,TRUE
Corticosteroid + Antibiotic Eye Ointment (CORANTEO1 | Corticosteroid + Antibiotic Eye Ointment),CORANTEO1,Corticosteroid + Antibiotic Eye Ointment (CORANTEO1 | Corticosteroid + Antibiotic Eye Ointment),4,Pharmacy,181,Ointment,,8,,0,53.9,,1/3/2025,yes,TRUE
Costed Implementation Plan (PH) (NA | NA) (1367 | Costed Implementation Plan (PH) (NA | NA)),1367,Costed Implementation Plan (PH) (NA | NA),10,Stationery,1367,,,0,,0,,,,no,TRUE
Cotrimoxazole (400+80 MG) (M000674 | Septrin),M000674,Cotrimoxazole (400+80 MG) (M000674 | Septrin),4,Pharmacy,1343,Tablet,400+80 MG,0.25,,0,,,,no,TRUE
COTRIMOXAZOLE SUSP 240 MG (NA | NA) (0) (1143 | COTRIMOXAZOLE SUSP 240 MG (NA | NA) (0)),1143,COTRIMOXAZOLE SUSP 240 MG (NA | NA) (0),4,Pharmacy,1143,0,,10,,0,,,,no,TRUE
COTTON WOOL 500G (NA | COTTON WOOL 500G) (724 | COTTON WOOL 500G (NA | COTTON WOOL 500G)),724,COTTON WOOL 500G (NA | COTTON WOOL 500G),9,Non-Drug Consumables,724,,,0,,0,,,,no,TRUE
COVER SLIDES (NA | COVER SLIDES) (669 | COVER SLIDES (NA | COVER SLIDES)),669,COVER SLIDES (NA | COVER SLIDES),7,Laboratory Consumables,669,,,0,,0,,,,no,TRUE
COVERALL (NA | COVERALL) (725 | COVERALL (NA | COVERALL)),725,COVERALL (NA | COVERALL),9,Non-Drug Consumables,725,,,0,,0,,,,no,TRUE
COVID FIRST RESPONSE TEST KIT (NA | COVID FIRST RESPONSE TEST KIT) (670 | COVID FIRST RESPONSE TEST KIT (NA | COVID FIRST RESPONSE TEST KIT)),670,COVID FIRST RESPONSE TEST KIT (NA | COVID FIRST RESPONSE TEST KIT),7,Laboratory Consumables,670,,,0,,0,,,,no,TRUE
CREEP BANDAGE SIZE 3 (NA | CREEP BANDAGE SIZE 3) (726 | CREEP BANDAGE SIZE 3 (NA | CREEP BANDAGE SIZE 3)),726,CREEP BANDAGE SIZE 3 (NA | CREEP BANDAGE SIZE 3),9,Non-Drug Consumables,726,,,14,,0,,,,no,TRUE
CREEP BANDAGE SIZE 6 (NA | CREEP BANDAGE SIZE 6) (727 | CREEP BANDAGE SIZE 6 (NA | CREEP BANDAGE SIZE 6)),727,CREEP BANDAGE SIZE 6 (NA | CREEP BANDAGE SIZE 6),9,Non-Drug Consumables,727,,,17,,0,,,,no,TRUE
CRITICAL CORE BED (VARIOUS) (NA | CRITICAL CORE BED (VARIOUS)) (728 | CRITICAL CORE BED (VARIOUS) (NA | CRITICAL CORE BED (VARIOUS))),728,CRITICAL CORE BED (VARIOUS) (NA | CRITICAL CORE BED (VARIOUS)),9,Non-Drug Consumables,728,,,0,,0,,,,no,TRUE
CRYO BOX (NA | NA) (1350 | CRYO BOX (NA | NA)),1350,CRYO BOX (NA | NA),9,Non-Drug Consumables,1350,,,0,,0,,,,no,TRUE
CRYO TUBES (NA | NA) (1223 | CRYO TUBES (NA | NA)),1223,CRYO TUBES (NA | NA),7,Laboratory Consumables,1223,,,0,,0,,,,no,TRUE
CURETTE LARGE SIZE (NA | CURETTE LARGE SIZE) (729 | CURETTE LARGE SIZE (NA | CURETTE LARGE SIZE)),729,CURETTE LARGE SIZE (NA | CURETTE LARGE SIZE),9,Non-Drug Consumables,729,,,0,,0,,,,no,TRUE
CURETTE MEDIUM SIZE (NA | CURETTE MEDIUM SIZE) (1000 | CURETTE MEDIUM SIZE (NA | CURETTE MEDIUM SIZE)),1000,CURETTE MEDIUM SIZE (NA | CURETTE MEDIUM SIZE),11,Non-Consumables,1000,,,0,,0,,,,no,TRUE
CYCLOPENTOLATE EYE  (0.01) (M000563 | CYCLOPENTOLATE EYE ),M000563,CYCLOPENTOLATE EYE  (0.01) (M000563 | CYCLOPENTOLATE EYE ),4,Pharmacy,561,0,0.01,0,,0,,,,no,TRUE
Cyclophosphamide  (CYCLOPIN1 | Cyclophosphamide ),CYCLOPIN1,Cyclophosphamide  (CYCLOPIN1 | Cyclophosphamide ),4,Pharmacy,185,Injection,500 mg,0,,0,35.4,,1/2/2023,yes,TRUE
DAILY WARD STATE (NA | DAILY WARD STATE) (878 | DAILY WARD STATE (NA | DAILY WARD STATE)),878,DAILY WARD STATE (NA | DAILY WARD STATE),10,Stationery,878,,,0,,0,,,,no,TRUE
Dalteparin Sodium  (DALSODIN1 | Dalteparin Sodium ),DALSODIN1,Dalteparin Sodium  (DALSODIN1 | Dalteparin Sodium ),4,Pharmacy,186,Injection,5000 units/0.2 mL,35,,0,71.76,,1/2/2023,yes,TRUE
Darrow's Solution  (DARROWIN1 | NA),DARROWIN1,Darrow's Solution  (DARROWIN1 | NA),4,Pharmacy,187,,250 mL Half Strength,0,,0,8.71,,1/3/2025,yes,TRUE
DBS CARD (NA | DBS CARD) (730 | DBS CARD (NA | DBS CARD)),730,DBS CARD (NA | DBS CARD),9,Non-Drug Consumables,730,,,0,,0,,,,no,TRUE
DELIVERY BED VARIOUS (NA | DELIVERY BED VARIOUS) (1001 | DELIVERY BED VARIOUS (NA | DELIVERY BED VARIOUS)),1001,DELIVERY BED VARIOUS (NA | DELIVERY BED VARIOUS),11,Non-Consumables,1001,,,0,,0,,,,no,TRUE
DELIVERY REGISTER (NA | DELIVERY REGISTER) (879 | DELIVERY REGISTER (NA | DELIVERY REGISTER)),879,DELIVERY REGISTER (NA | DELIVERY REGISTER),10,Stationery,879,,,0,,0,,,,no,TRUE
DELIVERY SET (NA | NA) (1315 | DELIVERY SET (NA | NA)),1315,DELIVERY SET (NA | NA),9,Non-Drug Consumables,1315,,,0,,0,,,,no,TRUE
Dengue RDT (NA | NA) (1364 | Dengue RDT (NA | NA)),1364,Dengue RDT (NA | NA),7,Laboratory Consumables,1364,,,0,,0,,,,no,TRUE
DESKTOP COMPUTER (NA | DESKTOP COMPUTER) (731 | DESKTOP COMPUTER (NA | DESKTOP COMPUTER)),731,DESKTOP COMPUTER (NA | DESKTOP COMPUTER),9,Non-Drug Consumables,731,,,0,,0,,,,no,TRUE
DETTOL (NA | NA) (1214 | DETTOL (NA | NA)),1214,DETTOL (NA | NA),6,Disinfectants,1214,,,0,,0,,,,no,TRUE
Dexamethasone  (4 mg) (DEXAMETA3 | Dexamethasone ),DEXAMETA3,Dexamethasone  (4 mg) (DEXAMETA3 | Dexamethasone ),4,Pharmacy,194,Tablet,4 mg,0,,0,3.43,,1/2/2023,yes,TRUE
Dexamethasone  (500 microgram) (DEXAMETA1 | Dexamethasone ),DEXAMETA1,Dexamethasone  (500 microgram) (DEXAMETA1 | Dexamethasone ),4,Pharmacy,192,Tablet,500 microgram,27,,0,0.1,,1/2/2023,yes,TRUE
Dexamethasone Eye  (0.01) (DEXAMEEO1 | Dexamethasone Eye ),DEXAMEEO1,Dexamethasone Eye  (0.01) (DEXAMEEO1 | Dexamethasone Eye ),4,Pharmacy,189,Ointment,0.01,0,,0,42.63,,1/3/2025,yes,TRUE
Dexamethasone Eye  (DEXAMEID1 | Dexamethasone Eye ),DEXAMEID1,Dexamethasone Eye  (DEXAMEID1 | Dexamethasone Eye ),4,Pharmacy,188,Drops,0.01,18,,0,8.84,,1/3/2025,yes,TRUE
Dexamethasone Injection 4mg/ml (DEXAMEIN1 | Dexamethasone Injection 4mg/ml),DEXAMEIN1,Dexamethasone Injection 4mg/ml,4,Pharmacy,190,Injection,4 mg/mL,17,,14,3.03,,1/3/2025,yes,TRUE
Dexamethasone Tablet 2mg (DEXAMETA2 | Dexamethasone Tablet 2mg),DEXAMETA2,Dexamethasone Tablet 2mg,4,Pharmacy,193,Tablet,2 mg,0,,0,2.38,,1/2/2023,yes,TRUE
DEXATROL EAR  (M000564 | DEXATROL EAR ),M000564,DEXATROL EAR  (M000564 | DEXATROL EAR ),4,Pharmacy,562,0,,18,,0,,,,no,TRUE
DEXATROL EYE  (M000565 | DEXATROL EYE ),M000565,DEXATROL EYE  (M000565 | DEXATROL EYE ),4,Pharmacy,563,0,,18,,0,,,,no,TRUE
Dextromethorphan Containing Cough Syrup (DEXTROTA1 | Dextromethorphan Containing Cough Syrup),DEXTROTA1,Dextromethorphan Containing Cough Syrup (DEXTROTA1 | Dextromethorphan Containing Cough Syrup),4,Pharmacy,195,Syrup,,0,,0,40.7,,1/3/2025,yes,TRUE
Dextrose  (5% 250 mL) (DEXTROIN1 | Dextrose ),DEXTROIN1,Dextrose  (5% 250 mL) (DEXTROIN1 | Dextrose ),4,Pharmacy,200,Infusion,5% 250 mL,12,,0,11,,1/3/2025,yes,TRUE
Dextrose  (5% 500 mL) (DEXTROIN2 | Dextrose ),DEXTROIN2,Dextrose  (5% 500 mL) (DEXTROIN2 | Dextrose ),4,Pharmacy,201,Infusion,5% 500 mL,13,,0,11.86,,1/3/2025,yes,TRUE
Dextrose in Sodium Chloride (10% in 0.18% 250mL) (M000672 | Dextrose in Sodium Chloride),M000672,Dextrose in Sodium Chloride (10% in 0.18% 250mL) (M000672 | Dextrose in Sodium Chloride),4,Pharmacy,1305,Infusion,10% in 0.18% 250mL,0,,0,,,,no,TRUE
"Dextrose In Sodium Chloride Intravenous infusion, 4.3% in 0.18% (250 mL) (DESOCHIN1 | Dextrose In Sodium Chloride Intravenous infusion, 4.3% in 0.18% (250 mL))",DESOCHIN1,"Dextrose In Sodium Chloride Intravenous infusion, 4.3% in 0.18% (250 mL)",4,Pharmacy,196,Infusion,4.3% in 0.18% 250 mL,15,,2,12.68,,1/3/2025,yes,TRUE
Dextrose Infusion 10% (DEXTROIN3 | Dextrose Infusion 10%),DEXTROIN3,Dextrose Infusion 10%,4,Pharmacy,198,Infusion,10% 250 mL,16,,8,9.65,,10/4/2025,yes,TRUE
Dextrose Infusion 50% (DEXTROIN6 | Dextrose Infusion 50%),DEXTROIN6,Dextrose Infusion 50%,4,Pharmacy,202,Infusion,50% 250 mL,18,,0,17.42,,1/3/2025,yes,TRUE
Dextrose Saline Infusion 5%/0.9% 500ml (DESOCHIN2 | Dextrose Saline Infusion 5%/0.9% 500ml),DESOCHIN2,Dextrose Saline Infusion 5%/0.9% 500ml,4,Pharmacy,197,Infusion,5% in 0.9% 500 mL,15,,1,12.93,,1/3/2025,yes,TRUE
DIAGNOSTIC SET (NA | DIAGNOSTIC SET) (1002 | DIAGNOSTIC SET (NA | DIAGNOSTIC SET)),1002,DIAGNOSTIC SET (NA | DIAGNOSTIC SET),11,Non-Consumables,1002,,,0,,0,,,,no,TRUE
DIATHERMY CABLE (NA | DIATHERMY CABLE) (1003 | DIATHERMY CABLE (NA | DIATHERMY CABLE)),1003,DIATHERMY CABLE (NA | DIATHERMY CABLE),11,Non-Consumables,1003,,,0,,0,,,,no,TRUE
Diazepam (2 mg/mL in 1.25 mL) (DIAZEPRS1 | Diazepam),DIAZEPRS1,Diazepam (2 mg/mL in 1.25 mL) (DIAZEPRS1 | Diazepam),4,Pharmacy,204,Suppository,2 mg/mL in 1.25 mL,0,,0,5.5,,1/3/2025,yes,TRUE
Diazepam Injection 5mg/2ml (DIAZEPIN1 | Diazepam Injection 5mg/2ml),DIAZEPIN1,Diazepam Injection 5mg/2ml,4,Pharmacy,203,Injection,5 mg/mL in 2 mL,12,,3,7.9,,1/3/2025,yes,TRUE
Diazepam Tablet 10mg (DIAZEPTA2 | Diazepam Tablet 10mg),DIAZEPTA2,Diazepam Tablet 10mg,4,Pharmacy,205,Tablet,10 mg,0.25,,0,0.22,,1/3/2025,yes,TRUE
Diazepam Tablet 5mg (DIAZEPTA1 | Diazepam Tablet 5mg),DIAZEPTA1,Diazepam Tablet 5mg,4,Pharmacy,206,Tablet,5 mg,0.2,,0,0.17,,1/3/2025,yes,TRUE
DICLOFENAC  (100mg) (M000567 | DICLOFENAC ),M000567,DICLOFENAC  (100mg) (M000567 | DICLOFENAC ),4,Pharmacy,565,Tablet,100mg,0,,0,,,,no,TRUE
Diclofenac Capsule 75mg (DICLOFCA1 | Diclofenac Capsule 75mg),DICLOFCA1,Diclofenac Capsule 75mg,4,Pharmacy,207,Capsule,75 mg,0.5,,0.1,0.4,,1/3/2025,yes,TRUE
Diclofenac Gel (DICLOFGE1 | Diclofenac Gel),DICLOFGE1,Diclofenac Gel,4,Pharmacy,208,Gel,,10,,0,5.41,,1/3/2025,yes,TRUE
Diclofenac Injection 75mg/3ml (DICLOFIN1 | Diclofenac Injection 75mg/3ml),DICLOFIN1,Diclofenac Injection 75mg/3ml,4,Pharmacy,209,Injection,75mg/3mL,5,,3,1.1,,1/3/2025,yes,TRUE
DICLOFENAC SOD. EYE  (M000566 | DICLOFENAC SOD. EYE ),M000566,DICLOFENAC SOD. EYE  (M000566 | DICLOFENAC SOD. EYE ),4,Pharmacy,564,0,,12,,0,,,,no,TRUE
Diclofenac Suppository 100mg (DICLOFRE2 | Diclofenac Suppository 100mg),DICLOFRE2,Diclofenac Suppository 100mg,4,Pharmacy,210,Suppository,100 mg,1.25,,0.3,0.96,,1/3/2025,yes,TRUE
Diclofenac Suppository 50mg (DICLOFRE1 | Diclofenac Suppository 50mg),DICLOFRE1,Diclofenac Suppository 50mg,4,Pharmacy,211,Suppository,50 mg,1.5,,0,1.71,,1/3/2025,yes,TRUE
Diclofenac Tablet 50mg (DICLOFTA2 | Diclofenac Tablet 50mg),DICLOFTA2,Diclofenac Tablet 50mg,4,Pharmacy,212,Tablet,50 mg,0.2,,0,0.13,,1/3/2025,yes,TRUE
Diethylstilboestrol  (5 mg) (DIESTITA2 | Diethylstilboestrol ),DIESTITA2,Diethylstilboestrol  (5 mg) (DIESTITA2 | Diethylstilboestrol ),4,Pharmacy,214,Tablet,5 mg,0,,0,7.86,,1/2/2023,yes,TRUE
Diethylstilboestrol  (DIESTITA1 | Diethylstilboestrol ),DIESTITA1,Diethylstilboestrol  (DIESTITA1 | Diethylstilboestrol ),4,Pharmacy,213,Tablet,1 mg,0,,0,6.79,,1/2/2023,yes,TRUE
DIGITAL BP APARATUS (NA | NA) (1226 | DIGITAL BP APARATUS (NA | NA)),1226,DIGITAL BP APARATUS (NA | NA),9,Non-Drug Consumables,1226,,,0,,0,,,,no,TRUE
DIGITAL THERMOMETER (NA | DIGITAL THERMOMETER) (732 | DIGITAL THERMOMETER (NA | DIGITAL THERMOMETER)),732,DIGITAL THERMOMETER (NA | DIGITAL THERMOMETER),9,Non-Drug Consumables,732,,,0,,0,,,,no,TRUE
Digoxin  (250 microgram) (DIGOXITA3 | Digoxin ),DIGOXITA3,Digoxin  (250 microgram) (DIGOXITA3 | Digoxin ),4,Pharmacy,217,Tablet,250 microgram,0,,0,1.98,,1/3/2025,yes,TRUE
Digoxin  (62.5 microgram) (DIGOXITA1 | Digoxin ),DIGOXITA1,Digoxin  (62.5 microgram) (DIGOXITA1 | Digoxin ),4,Pharmacy,218,Tablet,62.5 microgram,0,,0,1.03,,1/3/2025,yes,TRUE
Digoxin  (DIGOXITA2 | Digoxin ),DIGOXITA2,Digoxin  (DIGOXITA2 | Digoxin ),4,Pharmacy,216,Tablet,125 microgram,0,,0,1.71,,1/3/2025,yes,TRUE
"Digoxin Elixir,  (DIGOXIEL1 | Digoxin Elixir, )",DIGOXIEL1,"Digoxin Elixir,  (DIGOXIEL1 | Digoxin Elixir, )",4,Pharmacy,215,Injection,50 microgram/mL,0,,0,1.38,,1/3/2025,yes,TRUE
Dihydroartemisin + Piperaquine Granular  (DIHPIPPO1 | Dihydroartemisin + Piperaquine Granular ),DIHPIPPO1,Dihydroartemisin + Piperaquine Granular  (DIHPIPPO1 | Dihydroartemisin + Piperaquine Granular ),4,Pharmacy,219,Powder,10 mg + 80 mg,8,,0,3.85,,1/3/2025,yes,TRUE
Dihydrocodeine  (DIHYDRTA1 | Dihydrocodeine ),DIHYDRTA1,Dihydrocodeine  (DIHYDRTA1 | Dihydrocodeine ),4,Pharmacy,220,Tablet,30 mg,0,,0,0.72,,1/3/2025,yes,TRUE
DISECTING FORCEPS TOOTH (NA | DISECTING FORCEPS TOOTH) (733 | DISECTING FORCEPS TOOTH (NA | DISECTING FORCEPS TOOTH)),733,DISECTING FORCEPS TOOTH (NA | DISECTING FORCEPS TOOTH),9,Non-Drug Consumables,733,,,0,,0,,,,no,TRUE
DISINFECTANTS (NA | DISINFECTANTS) (734 | DISINFECTANTS (NA | DISINFECTANTS)),734,DISINFECTANTS (NA | DISINFECTANTS),9,Non-Drug Consumables,734,,,0,,0,,,,no,TRUE
Disopyramide  (DISOPYCA1 | Disopyramide ),DISOPYCA1,Disopyramide  (DISOPYCA1 | Disopyramide ),4,Pharmacy,221,Capsule,100 mg,0,,0,1.44,,1/2/2023,yes,TRUE
Disopyramide Phosphate  (DISPHOIN1 | Disopyramide Phosphate ),DISPHOIN1,Disopyramide Phosphate  (DISPHOIN1 | Disopyramide Phosphate ),4,Pharmacy,222,Injection,10 mg/mL in 5 mL,20,,0,9.36,,1/2/2023,yes,TRUE
DISPOSABLE APRON (NA | NA) (1241 | DISPOSABLE APRON (NA | NA)),1241,DISPOSABLE APRON (NA | NA),9,Non-Drug Consumables,1241,,,0,,0,,,,no,TRUE
DISPOSABLE BEDSHEET (NA | DISPOSABLE BEDSHEET) (735 | DISPOSABLE BEDSHEET (NA | DISPOSABLE BEDSHEET)),735,DISPOSABLE BEDSHEET (NA | DISPOSABLE BEDSHEET),9,Non-Drug Consumables,735,,,0,,0,,,,no,TRUE
DISPOSABLE GOWN (NA | DISPOSABLE GOWN) (736 | DISPOSABLE GOWN (NA | DISPOSABLE GOWN)),736,DISPOSABLE GOWN (NA | DISPOSABLE GOWN),9,Non-Drug Consumables,736,,,0,,0,,,,no,TRUE
DISPOSABLE NEEDLE ALL SIZES (NA | DISPOSABLE NEEDLE ALL SIZES) (737 | DISPOSABLE NEEDLE ALL SIZES (NA | DISPOSABLE NEEDLE ALL SIZES)),737,DISPOSABLE NEEDLE ALL SIZES (NA | DISPOSABLE NEEDLE ALL SIZES),9,Non-Drug Consumables,737,,,0,,0,,,,no,TRUE
DISPOSABLE PILLOWCASE (NA | NA) (1279 | DISPOSABLE PILLOWCASE (NA | NA)),1279,DISPOSABLE PILLOWCASE (NA | NA),9,Non-Drug Consumables,1279,,,0,,0,,,,no,TRUE
DISSECTING FORCEPS PLAIN (NA | DISSECTING FORCEPS PLAIN) (738 | DISSECTING FORCEPS PLAIN (NA | DISSECTING FORCEPS PLAIN)),738,DISSECTING FORCEPS PLAIN (NA | DISSECTING FORCEPS PLAIN),9,Non-Drug Consumables,738,,,0,,0,,,,no,TRUE
Docetaxel Injection 20mg/ml (DOCETAIN1 | Docetaxel Injection 20mg/ml),DOCETAIN1,Docetaxel Injection 20mg/ml,4,Pharmacy,223,Injection,20 mg/mL,4,,0,280.8,,1/2/2023,yes,TRUE
Domperidone Tablet 10mg (DOMPERTA1 | Domperidone Tablet 10mg),DOMPERTA1,Domperidone Tablet 10mg,4,Pharmacy,224,Tablet,10 mg,4.38,,0,1.87,,1/2/2023,yes,TRUE
DOOR MAT (NA | DOOR MAT) (880 | DOOR MAT (NA | DOOR MAT)),880,DOOR MAT (NA | DOOR MAT),10,Stationery,880,,,0,,0,,,,no,TRUE
Dopamine Injection 40mg/5ml (DOPAMIIN1 | Dopamine Injection 40mg/5ml),DOPAMIIN1,Dopamine Injection 40mg/5ml,4,Pharmacy,225,Injection,40 mg/mL in 5 mL,60,,0,,,1/2/2023,yes,TRUE
DORSI FLOW (NA | DORSI FLOW) (739 | DORSI FLOW (NA | DORSI FLOW)),739,DORSI FLOW (NA | DORSI FLOW),9,Non-Drug Consumables,739,,,25,,0,,,,no,TRUE
Doxapram  (DOXAPRIN1 | Doxapram ),DOXAPRIN1,Doxapram  (DOXAPRIN1 | Doxapram ),4,Pharmacy,226,Injection,20 mg/mL in 5 mL,2.4,,0,9.6,,1/2/2023,yes,TRUE
Doxorubicin Injection 50mg (DOXORUIN1 | Doxorubicin Injection 50mg),DOXORUIN1,Doxorubicin Injection 50mg,4,Pharmacy,227,Injection,50 mg,8,,0,23.76,,1/2/2023,yes,TRUE
doxy flow (NA | NA) (1307 | doxy flow (NA | NA)),1307,doxy flow (NA | NA),9,Non-Drug Consumables,1307,,,25,,0,,,,no,TRUE
Doxycycline Capsule 100mg (DOXYCYCA1 | Doxycycline Capsule 100mg),DOXYCYCA1,Doxycycline Capsule 100mg,4,Pharmacy,228,Capsule,100 mg,1,,0,0.92,,1/3/2025,yes,TRUE
DRAWING PINS (NA | DRAWING PINS) (848 | DRAWING PINS (NA | DRAWING PINS)),848,DRAWING PINS (NA | DRAWING PINS),10,Stationery,848,,,0,,0,,,,no,TRUE
DRESSING TROLLY (NA | DRESSING TROLLY) (740 | DRESSING TROLLY (NA | DRESSING TROLLY)),740,DRESSING TROLLY (NA | DRESSING TROLLY),9,Non-Drug Consumables,740,,,0,,0,,,,no,TRUE
DRIP STAND (NA | DRIP STAND) (741 | DRIP STAND (NA | DRIP STAND)),741,DRIP STAND (NA | DRIP STAND),9,Non-Drug Consumables,741,,,0,,0,,,,no,TRUE
DROTAVERIN (NOSPA) (M000568 | DROTAVERIN (NOSPA)) (566 | DROTAVERIN (NOSPA) (M000568 | DROTAVERIN (NOSPA))),566,DROTAVERIN (NOSPA) (M000568 | DROTAVERIN (NOSPA)),4,Pharmacy,566,Injection,40 mg/2ml,7,,0,,,,no,TRUE
DSTV (NA | NA) (1347 | DSTV (NA | NA)),1347,DSTV (NA | NA),12,Electricals,1347,,,0,,0,,,,no,TRUE
DUST BIN WITH PADDLE (NA | DUST BIN WITH PADDLE) (881 | DUST BIN WITH PADDLE (NA | DUST BIN WITH PADDLE)),881,DUST BIN WITH PADDLE (NA | DUST BIN WITH PADDLE),10,Stationery,881,,,0,,0,,,,no,TRUE
EARTH CABLE 1.5 (NA | EARTH CABLE 1.5) (1005 | EARTH CABLE 1.5 (NA | EARTH CABLE 1.5)),1005,EARTH CABLE 1.5 (NA | EARTH CABLE 1.5),11,Non-Consumables,1005,,,0,,0,,,,no,TRUE
EARTH CABLE 2.5 (NA | EARTH CABLE 2.5) (1006 | EARTH CABLE 2.5 (NA | EARTH CABLE 2.5)),1006,EARTH CABLE 2.5 (NA | EARTH CABLE 2.5),11,Non-Consumables,1006,,,0,,0,,,,no,TRUE
ECG MACHINE (NA | ECG MACHINE) (1007 | ECG MACHINE (NA | ECG MACHINE)),1007,ECG MACHINE (NA | ECG MACHINE),11,Non-Consumables,1007,,,0,,0,,,,no,TRUE
ECG PAPER (NA | NA) (1328 | ECG PAPER (NA | NA)),1328,ECG PAPER (NA | NA),10,Stationery,1328,,,0,,0,,,,no,TRUE
EDDOTRACHEAL TUBE SIZE 6 (NA | NA) (1340 | EDDOTRACHEAL TUBE SIZE 6 (NA | NA)),1340,EDDOTRACHEAL TUBE SIZE 6 (NA | NA),9,Non-Drug Consumables,1340,,,0,,0,,,,no,TRUE
EDDOTRACHEAL TUBE SIZE 7 (NA | NA) (1341 | EDDOTRACHEAL TUBE SIZE 7 (NA | NA)),1341,EDDOTRACHEAL TUBE SIZE 7 (NA | NA),9,Non-Drug Consumables,1341,,,0,,0,,,,no,TRUE
EDDOTRACHEAL TUBE SIZE 7.5 (NA | NA) (1342 | EDDOTRACHEAL TUBE SIZE 7.5 (NA | NA)),1342,EDDOTRACHEAL TUBE SIZE 7.5 (NA | NA),9,Non-Drug Consumables,1342,,,0,,0,,,,no,TRUE
EDTA TUBES (NA | NA) (1215 | EDTA TUBES (NA | NA)),1215,EDTA TUBES (NA | NA),7,Laboratory Consumables,1215,,,0,,0,,,,no,TRUE
ELECTRIC KETTLE (NA | NA) (1394 | ELECTRIC KETTLE (NA | NA)),1394,ELECTRIC KETTLE (NA | NA),9,Non-Drug Consumables,1394,,,0,,0,,,,no,TRUE
ELECTRONIC KITCHEN SCALE (NA | ELECTRONIC KITCHEN SCALE) (1008 | ELECTRONIC KITCHEN SCALE (NA | ELECTRONIC KITCHEN SCALE)),1008,ELECTRONIC KITCHEN SCALE (NA | ELECTRONIC KITCHEN SCALE),11,Non-Consumables,1008,,,0,,0,,,,no,TRUE
ELECTRONIC TIMER (NA | ELECTRONIC TIMER) (673 | ELECTRONIC TIMER (NA | ELECTRONIC TIMER)),673,ELECTRONIC TIMER (NA | ELECTRONIC TIMER),7,Laboratory Consumables,673,,,0,,0,,,,no,TRUE
EMBALMING NEEDLE (NA | EMBALMING NEEDLE) (743 | EMBALMING NEEDLE (NA | EMBALMING NEEDLE)),743,EMBALMING NEEDLE (NA | EMBALMING NEEDLE),9,Non-Drug Consumables,743,,,0,,0,,,,no,TRUE
ENDORSING INK (NA | ENDORSING INK) (849 | ENDORSING INK (NA | ENDORSING INK)),849,ENDORSING INK (NA | ENDORSING INK),10,Stationery,849,,,0,,0,,,,no,TRUE
ENDOTRACHEAL TUBE 3.0 (NA | ENDOTRACHEAL TUBE 3.0) (744 | ENDOTRACHEAL TUBE 3.0 (NA | ENDOTRACHEAL TUBE 3.0)),744,ENDOTRACHEAL TUBE 3.0 (NA | ENDOTRACHEAL TUBE 3.0),9,Non-Drug Consumables,744,,,0,,0,,,,no,TRUE
ENDOTRACHEAL TUBE 3.5 (NA | ENDOTRACHEAL TUBE 3.5) (745 | ENDOTRACHEAL TUBE 3.5 (NA | ENDOTRACHEAL TUBE 3.5)),745,ENDOTRACHEAL TUBE 3.5 (NA | ENDOTRACHEAL TUBE 3.5),9,Non-Drug Consumables,745,,,0,,0,,,,no,TRUE
ENDOTRACHEAL TUBE 4.0 (NA | ENDOTRACHEAL TUBE 4.0) (746 | ENDOTRACHEAL TUBE 4.0 (NA | ENDOTRACHEAL TUBE 4.0)),746,ENDOTRACHEAL TUBE 4.0 (NA | ENDOTRACHEAL TUBE 4.0),9,Non-Drug Consumables,746,,,0,,0,,,,no,TRUE
ENDOTRACHEAL TUBE 4.5 (NA | ENDOTRACHEAL TUBE 4.5) (747 | ENDOTRACHEAL TUBE 4.5 (NA | ENDOTRACHEAL TUBE 4.5)),747,ENDOTRACHEAL TUBE 4.5 (NA | ENDOTRACHEAL TUBE 4.5),9,Non-Drug Consumables,747,,,0,,0,,,,no,TRUE
ENDOTRACHEAL TUBE 5.0 (NA | ENDOTRACHEAL TUBE 5.0) (748 | ENDOTRACHEAL TUBE 5.0 (NA | ENDOTRACHEAL TUBE 5.0)),748,ENDOTRACHEAL TUBE 5.0 (NA | ENDOTRACHEAL TUBE 5.0),9,Non-Drug Consumables,748,,,0,,0,,,,no,TRUE
ENDOTRACHEAL TUBE 5.5 (NA | ENDOTRACHEAL TUBE 5.5) (749 | ENDOTRACHEAL TUBE 5.5 (NA | ENDOTRACHEAL TUBE 5.5)),749,ENDOTRACHEAL TUBE 5.5 (NA | ENDOTRACHEAL TUBE 5.5),9,Non-Drug Consumables,749,,,0,,0,,,,no,TRUE
ENDOTRACHEAL TUBE 6.0 (NA | ENDOTRACHEAL TUBE 6.0) (750 | ENDOTRACHEAL TUBE 6.0 (NA | ENDOTRACHEAL TUBE 6.0)),750,ENDOTRACHEAL TUBE 6.0 (NA | ENDOTRACHEAL TUBE 6.0),9,Non-Drug Consumables,750,,,0,,0,,,,no,TRUE
ENDOTRACHEAL TUBE 6.5 (NA | ENDOTRACHEAL TUBE 6.5) (751 | ENDOTRACHEAL TUBE 6.5 (NA | ENDOTRACHEAL TUBE 6.5)),751,ENDOTRACHEAL TUBE 6.5 (NA | ENDOTRACHEAL TUBE 6.5),9,Non-Drug Consumables,751,,,0,,0,,,,no,TRUE
ENDOTRACHEAL TUBE 7.0 (NA | ENDOTRACHEAL TUBE 7.0) (752 | ENDOTRACHEAL TUBE 7.0 (NA | ENDOTRACHEAL TUBE 7.0)),752,ENDOTRACHEAL TUBE 7.0 (NA | ENDOTRACHEAL TUBE 7.0),9,Non-Drug Consumables,752,,,0,,0,,,,no,TRUE
ENDOTRACHEAL TUBE 7.5 (NA | ENDOTRACHEAL TUBE 7.5) (753 | ENDOTRACHEAL TUBE 7.5 (NA | ENDOTRACHEAL TUBE 7.5)),753,ENDOTRACHEAL TUBE 7.5 (NA | ENDOTRACHEAL TUBE 7.5),9,Non-Drug Consumables,753,,,0,,0,,,,no,TRUE
ENERGIZER BATTERY AA (NA | ENERGIZER BATTERY AA) (882 | ENERGIZER BATTERY AA (NA | ENERGIZER BATTERY AA)),882,ENERGIZER BATTERY AA (NA | ENERGIZER BATTERY AA),10,Stationery,882,,,0,,0,,,,no,TRUE
ENERGIZER BATTERY AAA (NA | ENERGIZER BATTERY AAA) (883 | ENERGIZER BATTERY AAA (NA | ENERGIZER BATTERY AAA)),883,ENERGIZER BATTERY AAA (NA | ENERGIZER BATTERY AAA),10,Stationery,883,,,0,,0,,,,no,TRUE
ENERGIZER BATTERY C (NA | ENERGIZER BATTERY C) (884 | ENERGIZER BATTERY C (NA | ENERGIZER BATTERY C)),884,ENERGIZER BATTERY C (NA | ENERGIZER BATTERY C),10,Stationery,884,,,0,,0,,,,no,TRUE
ENERGIZER BATTERY D (NA | ENERGIZER BATTERY D) (885 | ENERGIZER BATTERY D (NA | ENERGIZER BATTERY D)),885,ENERGIZER BATTERY D (NA | ENERGIZER BATTERY D),10,Stationery,885,,,0,,0,,,,no,TRUE
ENERGY BULB 24W (NA | ENERGY BULB 24W) (1009 | ENERGY BULB 24W (NA | ENERGY BULB 24W)),1009,ENERGY BULB 24W (NA | ENERGY BULB 24W),11,Non-Consumables,1009,,,0,,0,,,,no,TRUE
ENERGY BULB 40W (NA | ENERGY BULB 40W) (1010 | ENERGY BULB 40W (NA | ENERGY BULB 40W)),1010,ENERGY BULB 40W (NA | ENERGY BULB 40W),11,Non-Consumables,1010,,,0,,0,,,,no,TRUE
ENERGY BULB 85W (NA | ENERGY BULB 85W) (1011 | ENERGY BULB 85W (NA | ENERGY BULB 85W)),1011,ENERGY BULB 85W (NA | ENERGY BULB 85W),11,Non-Consumables,1011,,,0,,0,,,,no,TRUE
ENERGY SAVING BULB 105W (NA | ENERGY SAVING BULB 105W) (754 | ENERGY SAVING BULB 105W (NA | ENERGY SAVING BULB 105W)),754,ENERGY SAVING BULB 105W (NA | ENERGY SAVING BULB 105W),9,Non-Drug Consumables,754,,,0,,0,,,,no,TRUE
Enoxaparin Sodium  (ENOSODIN2 | Enoxaparin Sodium ),ENOSODIN2,Enoxaparin Sodium  (ENOSODIN2 | Enoxaparin Sodium ),4,Pharmacy,229,Injection,40 mg/0.4 mL,125,,10,126.5,,1/3/2025,yes,TRUE
ependorf tube (NA | NA) (1285 | ependorf tube (NA | NA)),1285,ependorf tube (NA | NA),7,Laboratory Consumables,1285,,,0,,0,,,,no,TRUE
Ephedrine Injection 30mg/ml (EPHEDRIN1 | Ephedrine Injection 30mg/ml),EPHEDRIN1,Ephedrine Injection 30mg/ml,4,Pharmacy,230,Injection,30 mg/mL,30,,10,23.1,,1/3/2025,yes,TRUE
Ephedrine Nasal Drop 0.5% (EPHEDRND1 | Ephedrine Nasal Drop 0.5%),EPHEDRND1,Ephedrine Nasal Drop 0.5%,4,Pharmacy,231,Drops,0.005,8,,1,6.83,,1/3/2025,yes,TRUE
Ephedrine Nasal Drop 1% (EPHEDRND2 | Ephedrine Nasal Drop 1%),EPHEDRND2,Ephedrine Nasal Drop 1%,4,Pharmacy,232,Drops,0.01,10,,0,9.9,,1/3/2025,yes,TRUE
EPILATION FORCEPS (NA | EPILATION FORCEPS) (755 | EPILATION FORCEPS (NA | EPILATION FORCEPS)),755,EPILATION FORCEPS (NA | EPILATION FORCEPS),9,Non-Drug Consumables,755,,,0,,0,,,,no,TRUE
EPPENDORF TUBES 2ML (NA | NA) (1346 | EPPENDORF TUBES 2ML (NA | NA)),1346,EPPENDORF TUBES 2ML (NA | NA),7,Laboratory Consumables,1346,,,0,,0,,,,no,TRUE
ERASER (NA | ERASER) (850 | ERASER (NA | ERASER)),850,ERASER (NA | ERASER),10,Stationery,850,,,0,,0,,,,no,TRUE
Ergometrine  (0.5 mg/ml) (ERGOMEIN2 | Ergometrine ),ERGOMEIN2,Ergometrine  (0.5 mg/ml) (ERGOMEIN2 | Ergometrine ),4,Pharmacy,234,Injection,0.5 mg/ml,25,,15,12.1,,1/3/2025,yes,TRUE
Ergometrine  (ERGOMEIN1 | Ergometrine ),ERGOMEIN1,Ergometrine  (ERGOMEIN1 | Ergometrine ),4,Pharmacy,233,Injection,0.2 mg/mL,0,,0,10.04,,1/3/2025,yes,TRUE
Ergometrine Tablet 0.5mg (ERGOMETA1 | Ergometrine Tablet 0.5mg),ERGOMETA1,Ergometrine Tablet 0.5mg,4,Pharmacy,235,Tablet,0.5 mg,0,,0,0.66,,1/3/2025,yes,TRUE
Ergotamine  (ERGOTATA1 | Ergotamine ),ERGOTATA1,Ergotamine  (ERGOTATA1 | Ergotamine ),4,Pharmacy,236,Tablet,2 mg,0,,0,5.15,,1/3/2025,yes,TRUE
Erythromycin  (ERYTHRSY1 | Erythromycin ),ERYTHRSY1,Erythromycin  (ERYTHRSY1 | Erythromycin ),4,Pharmacy,237,Syrup,125 mg/5 mL,25,,0,23.65,,1/3/2025,yes,TRUE
Erythromycin Tablet 250mg (ERYTHRTA1 | Erythromycin Tablet 250mg),ERYTHRTA1,Erythromycin Tablet 250mg,4,Pharmacy,238,Tablet,250 mg,1.2,,0,1.1,,1/3/2025,yes,TRUE
Ethosuximide  (ETHOSUSY1 | Ethosuximide ),ETHOSUSY1,Ethosuximide  (ETHOSUSY1 | Ethosuximide ),4,Pharmacy,241,Syrup,250 mg/5 mL,0,,0,26.92,,1/3/2025,yes,TRUE
Ethosuximide Tablet 250mg (ETHOSUTA1 | Ethosuximide Tablet 250mg),ETHOSUTA1,Ethosuximide Tablet 250mg,4,Pharmacy,242,Tablet,250 mg,27,,0,3.74,,1/2/2023,yes,TRUE
Etoposide  (ETOPOSIN1 | Etoposide ),ETOPOSIN1,Etoposide  (ETOPOSIN1 | Etoposide ),4,Pharmacy,243,Injection,100 mg,0,,0,48.84,,1/2/2023,yes,TRUE
EXAMINATION BED (NA | NA) (1116 | EXAMINATION BED (NA | NA)),1116,EXAMINATION BED (NA | NA),11,Non-Consumables,1116,,,0,,0,,,,no,TRUE
EXAMINATION GLOVES (NA | EXAMINATION GLOVES) (756 | EXAMINATION GLOVES (NA | EXAMINATION GLOVES)),756,EXAMINATION GLOVES (NA | EXAMINATION GLOVES),9,Non-Drug Consumables,756,,,1,,0,,,,no,TRUE
EXAMINATION LAMP (NA | EXAMINATION LAMP) (619 | EXAMINATION LAMP (NA | EXAMINATION LAMP)),619,EXAMINATION LAMP (NA | EXAMINATION LAMP),5,Consumables,619,,,2800,,0,,,,no,TRUE
EXERCISE BOOK (NA | EXERCISE BOOK) (886 | EXERCISE BOOK (NA | EXERCISE BOOK)),886,EXERCISE BOOK (NA | EXERCISE BOOK),10,Stationery,886,,,0,,0,,,,no,TRUE
EXTERNAL  HARD DRIVE (NA | EXTERNAL  HARD DRIVE) (887 | EXTERNAL  HARD DRIVE (NA | EXTERNAL  HARD DRIVE)),887,EXTERNAL  HARD DRIVE (NA | EXTERNAL  HARD DRIVE),10,Stationery,887,,,0,,0,,,,no,TRUE
ezipen100mgg+500mg (M000632 | NA),M000632,ezipen100mgg+500mg (M000632 | NA),4,Pharmacy,1159,0,,0,,0,,,,no,TRUE
FACE MASK (NA | FACE MASK) (757 | FACE MASK (NA | FACE MASK)),757,FACE MASK (NA | FACE MASK),9,Non-Drug Consumables,757,,,0,,0,,,,no,TRUE
FACE MASK N95 (NA | FACE MASK N95) (758 | FACE MASK N95 (NA | FACE MASK N95)),758,FACE MASK N95 (NA | FACE MASK N95),9,Non-Drug Consumables,758,,,0,,0,,,,no,TRUE
FACE SHIELD (NA | FACE SHIELD) (759 | FACE SHIELD (NA | FACE SHIELD)),759,FACE SHIELD (NA | FACE SHIELD),9,Non-Drug Consumables,759,,,0,,0,,,,no,TRUE
Family Planning Record Book (NA | NA) (1366 | Family Planning Record Book (NA | NA)),1366,Family Planning Record Book (NA | NA),10,Stationery,1366,,,0,,0,,,,no,TRUE
FAN REGULATOR (NA | FAN REGULATOR) (760 | FAN REGULATOR (NA | FAN REGULATOR)),760,FAN REGULATOR (NA | FAN REGULATOR),9,Non-Drug Consumables,760,,,0,,0,,,,no,TRUE
FEEDING TUBE SIZE 16 (NA | NA) (1097 | FEEDING TUBE SIZE 16 (NA | NA)),1097,FEEDING TUBE SIZE 16 (NA | NA),11,Non-Consumables,1097,,,0,,0,,,,no,TRUE
FEEDING TUBE SIZE 16 (NA | NA) (1122 | FEEDING TUBE SIZE 16 (NA | NA)),1122,FEEDING TUBE SIZE 16 (NA | NA),5,Consumables,1122,,,0,,0,,,,no,TRUE
fentanyl (M000670 | fentanyl),M000670,fentanyl (M000670 | fentanyl),4,Pharmacy,1258,Injection,100mcg/2ml,45,,0,,,,no,TRUE
Ferric Ammonium Citrate Mixture (244 | Ferric Ammonium Citrate Mixture),244,Ferric Ammonium Citrate Mixture,4,Pharmacy,244,Mixture,,100,,0,7.48,,1/3/2025,yes,TRUE
FERROUS ASCORBATE  (M000569 | FERROUS ASCORBATE ),M000569,FERROUS ASCORBATE  (M000569 | FERROUS ASCORBATE ),4,Pharmacy,567,Syrup,150ML,50,,0,,,,no,TRUE
FERROUS ASCORBATE (50MG) (M000570 | FERROUS ASCORBATE),M000570,FERROUS ASCORBATE (50MG) (M000570 | FERROUS ASCORBATE),4,Pharmacy,568,Tablet,50MG,2.5,,0,,,,no,TRUE
Ferrous Fumarate Tablet 100mg (FERFUMTA1 | Ferrous Fumarate Tablet 100mg),FERFUMTA1,Ferrous Fumarate Tablet 100mg,4,Pharmacy,245,Tablet,100 mg,0.2,,0,0.22,,1/3/2025,yes,TRUE
Ferrous Sulphate + Folic Acid  (FESUFOTA1 | Ferrous Sulphate + Folic Acid ),FESUFOTA1,Ferrous Sulphate + Folic Acid  (FESUFOTA1 | Ferrous Sulphate + Folic Acid ),4,Pharmacy,247,Tablet,50 mg + 400 microgram,0.8,,0,0.67,,1/3/2025,yes,TRUE
FETAL DOPPLER (NA | FETAL DOPPLER) (1012 | FETAL DOPPLER (NA | FETAL DOPPLER)),1012,FETAL DOPPLER (NA | FETAL DOPPLER),11,Non-Consumables,1012,,,0,,0,,,,no,TRUE
Fexofenadine 120mg (M000607 | ZYFEN),M000607,Fexofenadine 120mg (M000607 | ZYFEN),4,Pharmacy,1125,Tablet,,2.5,,0,,,,no,TRUE
FIETOSCOPE (NA | NA) (1377 | FIETOSCOPE (NA | NA)),1377,FIETOSCOPE (NA | NA),9,Non-Drug Consumables,1377,,,0,,0,,,,no,TRUE
FILTER CATRIDGE (NA | NA) (1380 | FILTER CATRIDGE (NA | NA)),1380,FILTER CATRIDGE (NA | NA),7,Laboratory Consumables,1380,,,0,,0,,,,no,TRUE
FILTER PAPER (NA | FILTER PAPER) (674 | FILTER PAPER (NA | FILTER PAPER)),674,FILTER PAPER (NA | FILTER PAPER),7,Laboratory Consumables,674,,,0,,0,,,,no,TRUE
Finasteride  (FINASTTA1 | Finasteride ),FINASTTA1,Finasteride  (FINASTTA1 | Finasteride ),4,Pharmacy,249,Tablet,5 mg,0,,0,1.4,,1/2/2023,yes,TRUE
FINGER PULSE OXIMETER (NA | NA) (1230 | FINGER PULSE OXIMETER (NA | NA)),1230,FINGER PULSE OXIMETER (NA | NA),9,Non-Drug Consumables,1230,,,0,,0,,,,no,TRUE
FIRST RESPONSE HEPATITIS B (NA | FIRST RESPONSE HEPATITIS B) (676 | FIRST RESPONSE HEPATITIS B (NA | FIRST RESPONSE HEPATITIS B)),676,FIRST RESPONSE HEPATITIS B (NA | FIRST RESPONSE HEPATITIS B),7,Laboratory Consumables,676,,,0,,0,,,,no,TRUE
FIRST RESPONSE HIV (NA | FIRST RESPONSE HIV) (761 | FIRST RESPONSE HIV (NA | FIRST RESPONSE HIV)),761,FIRST RESPONSE HIV (NA | FIRST RESPONSE HIV),9,Non-Drug Consumables,761,,,0,,0,,,,no,TRUE
FIRST RESPONSE HIV COMBO (NA | FIRST RESPONSE HIV COMBO) (677 | FIRST RESPONSE HIV COMBO (NA | FIRST RESPONSE HIV COMBO)),677,FIRST RESPONSE HIV COMBO (NA | FIRST RESPONSE HIV COMBO),7,Laboratory Consumables,677,,,0,,0,,,,no,TRUE
FLAT FILES (NA | FLAT FILES) (888 | FLAT FILES (NA | FLAT FILES)),888,FLAT FILES (NA | FLAT FILES),10,Stationery,888,,,0,,0,,,,no,TRUE
FLAVOUR (NA | FLAVOUR) (1013 | FLAVOUR (NA | FLAVOUR)),1013,FLAVOUR (NA | FLAVOUR),11,Non-Consumables,1013,,,0,,0,,,,no,TRUE
FLEXIBLE WIRE (NA | FLEXIBLE WIRE) (1014 | FLEXIBLE WIRE (NA | FLEXIBLE WIRE)),1014,FLEXIBLE WIRE (NA | FLEXIBLE WIRE),11,Non-Consumables,1014,,,0,,0,,,,no,TRUE
FLOURECENT TUBE 2FT (NA | FLOURECENT TUBE 2FT) (1015 | FLOURECENT TUBE 2FT (NA | FLOURECENT TUBE 2FT)),1015,FLOURECENT TUBE 2FT (NA | FLOURECENT TUBE 2FT),11,Non-Consumables,1015,,,0,,0,,,,no,TRUE
FLOURESCENT TUBE 4FT (NA | FLOURESCENT TUBE 4FT) (1016 | FLOURESCENT TUBE 4FT (NA | FLOURESCENT TUBE 4FT)),1016,FLOURESCENT TUBE 4FT (NA | FLOURESCENT TUBE 4FT),11,Non-Consumables,1016,,,0,,0,,,,no,TRUE
FLOURESENT COMPLETE (NA | FLOURESENT COMPLETE) (1017 | FLOURESENT COMPLETE (NA | FLOURESENT COMPLETE)),1017,FLOURESENT COMPLETE (NA | FLOURESENT COMPLETE),11,Non-Consumables,1017,,,0,,0,,,,no,TRUE
FLOW SPLITTER (NA | NA) (1326 | FLOW SPLITTER (NA | NA)),1326,FLOW SPLITTER (NA | NA),11,Non-Consumables,1326,,,0,,0,,,,no,TRUE
Flucloxacillin Capsule 250mg (FLUCLOCA1 | Flucloxacillin Capsule 250mg),FLUCLOCA1,Flucloxacillin Capsule 250mg,4,Pharmacy,250,Capsule,250 mg,0.9,,0.1,0.82,,1/3/2025,yes,TRUE
Flucloxacillin Injection 250mg (FLUCLOIN1 | Flucloxacillin Injection 250mg),FLUCLOIN1,Flucloxacillin Injection 250mg,4,Pharmacy,251,Injection,250 mg,15,,0,10.18,,1/3/2025,yes,TRUE
Flucloxacillin Injection 500mg (FLUCLOIN2 | Flucloxacillin Injection 500mg),FLUCLOIN2,Flucloxacillin Injection 500mg,4,Pharmacy,252,Injection,500 mg,20,,0,19.8,,1/3/2025,yes,TRUE
Flucloxacillin Susp 125mg/ 5ml (FLUCLOSU1 | Flucloxacillin Susp 125mg/ 5ml),FLUCLOSU1,Flucloxacillin Susp 125mg/ 5ml,4,Pharmacy,253,Suspension,125 mg/5 mL,20,,5,15.95,,1/3/2025,yes,TRUE
Fluconazole  (10 mg/mL) (FLUCONSU1 | Fluconazole ),FLUCONSU1,Fluconazole  (10 mg/mL) (FLUCONSU1 | Fluconazole ),4,Pharmacy,256,Suspension,10 mg/mL,0,,0,32.45,,1/3/2025,yes,TRUE
Fluconazole Capsule 150mg (FLUCONCA1 | Fluconazole Capsule 150mg),FLUCONCA1,Fluconazole Capsule 150mg,4,Pharmacy,254,Capsule,150 mg,12,,0,10.67,,1/3/2025,yes,TRUE
Fluconazole Suspension 50mg/5ml (FLUCONSU2 | Fluconazole Suspension 50mg/5ml),FLUCONSU2,Fluconazole Suspension 50mg/5ml,4,Pharmacy,257,Suspension,50 mg/5 mL,10,,0,50,,1/3/2025,yes,TRUE
Fludrocortisone  (FLUDROTA1 | Fludrocortisone ),FLUDROTA1,Fludrocortisone  (FLUDROTA1 | Fludrocortisone ),4,Pharmacy,259,Tablet,100 microgram,0,,0,6.96,,1/2/2023,yes,TRUE
FLUID CHART (NA | FLUID CHART) (889 | FLUID CHART (NA | FLUID CHART)),889,FLUID CHART (NA | FLUID CHART),10,Stationery,889,,,0,,0,,,,no,TRUE
FLUOROCELL WDF 2 X 22ML (NA | FLUOROCELL WDF 2 X 22ML) (1018 | FLUOROCELL WDF 2 X 22ML (NA | FLUOROCELL WDF 2 X 22ML)),1018,FLUOROCELL WDF 2 X 22ML (NA | FLUOROCELL WDF 2 X 22ML),11,Non-Consumables,1018,,,0,,0,,,,no,TRUE
Fluoxetine  (FLUOXECA1 | Fluoxetine ),FLUOXECA1,Fluoxetine  (FLUOXECA1 | Fluoxetine ),4,Pharmacy,260,Capsule,20 mg,0,,0,1.43,,1/3/2025,yes,TRUE
Flupentixol  (FLUPENTA2 | Flupentixol ),FLUPENTA2,Flupentixol  (FLUPENTA2 | Flupentixol ),4,Pharmacy,261,Tablet,1mg,0,,0,1.65,,1/3/2025,yes,TRUE
Flupentixol Tablet 500mcg (FLUPENTA1 | Flupentixol Tablet 500mcg),FLUPENTA1,Flupentixol Tablet 500mcg,4,Pharmacy,262,Tablet,500 microgram,8,,0,1.53,,1/3/2025,yes,TRUE
Fluphenazine Deconoate (FLUDECIN1 | Fluphenazine Deconoate),FLUDECIN1,Fluphenazine Deconoate (FLUDECIN1 | Fluphenazine Deconoate),4,Pharmacy,263,Injection,25 mg/mL,0,,0,15.6,,1/2/2023,yes,TRUE
Fluticasone + Salmeterol  (FLUSALGA1 | Fluticasone + Salmeterol ),FLUSALGA1,Fluticasone + Salmeterol  (FLUSALGA1 | Fluticasone + Salmeterol ),4,Pharmacy,264,Inhaler,250 microgram/50 microgram (60 Doses),220,,80,275,,1/3/2025,yes,TRUE
Fluticasone Inhaler 250mcg (FLUTICGA3 | Fluticasone Inhaler 250mcg),FLUTICGA3,Fluticasone Inhaler 250mcg,4,Pharmacy,266,Inhaler,250 microgram (120 Dose),0,,0,128.7,,1/3/2025,yes,TRUE
Fluticasone MDI (FLUTICGA2 | Fluticasone MDI),FLUTICGA2,Fluticasone MDI (FLUTICGA2 | Fluticasone MDI),4,Pharmacy,265,Inhaler,125 microgram (120 Dose),0,,0,191.73,,1/3/2025,yes,TRUE
Fluvastatin  (FLUVASCA1 | Fluvastatin ),FLUVASCA1,Fluvastatin  (FLUVASCA1 | Fluvastatin ),4,Pharmacy,267,Capsule,20 mg,0,,0,2.77,,1/2/2023,yes,TRUE
FOLEYS CATHETAR 16G (NA | NA) (1299 | FOLEYS CATHETAR 16G (NA | NA)),1299,FOLEYS CATHETAR 16G (NA | NA),9,Non-Drug Consumables,1299,,,0,,0,,,,no,TRUE
FOLEYS CATHETER 10 (NA | NA) (1202 | FOLEYS CATHETER 10 (NA | NA)),1202,FOLEYS CATHETER 10 (NA | NA),9,Non-Drug Consumables,1202,,,0,,0,,,,no,TRUE
FOLEYS CATHETER 12 (NA | NA) (1204 | FOLEYS CATHETER 12 (NA | NA)),1204,FOLEYS CATHETER 12 (NA | NA),9,Non-Drug Consumables,1204,,,0,,0,,,,no,TRUE
FOLEYS CATHETER 14 (NA | NA) (1203 | FOLEYS CATHETER 14 (NA | NA)),1203,FOLEYS CATHETER 14 (NA | NA),9,Non-Drug Consumables,1203,,,0,,0,,,,no,TRUE
FOLEYS CATHETER 18 (NA | NA) (1378 | FOLEYS CATHETER 18 (NA | NA)),1378,FOLEYS CATHETER 18 (NA | NA),9,Non-Drug Consumables,1378,,,0,,0,,,,no,TRUE
FOLEYS CATHETER 20 (NA | NA) (1201 | FOLEYS CATHETER 20 (NA | NA)),1201,FOLEYS CATHETER 20 (NA | NA),9,Non-Drug Consumables,1201,,,0,,0,,,,no,TRUE
FOLEYS CATHETER 8 (NA | NA) (1205 | FOLEYS CATHETER 8 (NA | NA)),1205,FOLEYS CATHETER 8 (NA | NA),9,Non-Drug Consumables,1205,,,0,,0,,,,no,TRUE
Folic Acid Tablet 5mg (FOLACITA1 | Folic Acid Tablet 5mg),FOLACITA1,Folic Acid Tablet 5mg,4,Pharmacy,268,Tablet,5 mg,0.1,,0,0.05,,1/3/2025,yes,TRUE
FOLLEY CATHETER 16 (NA | FOLLEY CATHETER 16) (620 | FOLLEY CATHETER 16 (NA | FOLLEY CATHETER 16)),620,FOLLEY CATHETER 16 (NA | FOLLEY CATHETER 16),5,Consumables,620,,,8,,0,,,,no,TRUE
FOLLEY CATHETER 18 (NA | FOLLEY CATHETER 18) (621 | FOLLEY CATHETER 18 (NA | FOLLEY CATHETER 18)),621,FOLLEY CATHETER 18 (NA | FOLLEY CATHETER 18),5,Consumables,621,,,8,,0,,,,no,TRUE
FOOLSCAP NOTEBOOK (NA | NA) (1283 | FOOLSCAP NOTEBOOK (NA | NA)),1283,FOOLSCAP NOTEBOOK (NA | NA),10,Stationery,1283,,,0,,0,,,,no,TRUE
FOOLSCAP NOTEBOOK XL (NA | NA) (1187 | FOOLSCAP NOTEBOOK XL (NA | NA)),1187,FOOLSCAP NOTEBOOK XL (NA | NA),10,Stationery,1187,,,0,,0,,,,no,TRUE
FORMALINE 30L (NA | NA) (1238 | FORMALINE 30L (NA | NA)),1238,FORMALINE 30L (NA | NA),9,Non-Drug Consumables,1238,,,0,,0,,,,no,TRUE
FRONT INDEX SHEET (NA | FRONT INDEX SHEET) (890 | FRONT INDEX SHEET (NA | FRONT INDEX SHEET)),890,FRONT INDEX SHEET (NA | FRONT INDEX SHEET),10,Stationery,890,,,0,,0,,,,no,TRUE
frusemid inj 40mg (M000637 | NA),M000637,frusemid inj 40mg (M000637 | NA),4,Pharmacy,1164,0,,0,,0,,,,no,TRUE
FULL APERTURE TRIAL LENS WITH TRIAL FRAME (NA | FULL APERTURE TRIAL LENS WITH TRIAL FRAME) (763 | FULL APERTURE TRIAL LENS WITH TRIAL FRAME (NA | FULL APERTURE TRIAL LENS WITH TRIAL FRAME)),763,FULL APERTURE TRIAL LENS WITH TRIAL FRAME (NA | FULL APERTURE TRIAL LENS WITH TRIAL FRAME),9,Non-Drug Consumables,763,,,0,,0,,,,no,TRUE
Furosemide  (FUROSEIN1 | Furosemide ),FUROSEIN1,Furosemide  (FUROSEIN1 | Furosemide ),4,Pharmacy,269,Injection,10 mg/mL in 2 mL,5,,3,1.56,,1/3/2025,yes,TRUE
Furosemide Tablet 40mg (FUROSETA1 | Furosemide Tablet 40mg),FUROSETA1,Furosemide Tablet 40mg,4,Pharmacy,270,Tablet,40 mg,0.4,,0.1,0.28,,1/3/2025,yes,TRUE
GALLIPOT (NA | GALLIPOT) (764 | GALLIPOT (NA | GALLIPOT)),764,GALLIPOT (NA | GALLIPOT),9,Non-Drug Consumables,764,,,0,,0,,,,no,TRUE
GAS COOKER BURNER (NA | NA) (1324 | GAS COOKER BURNER (NA | NA)),1324,GAS COOKER BURNER (NA | NA),11,Non-Consumables,1324,,,0,,0,,,,no,TRUE
GAS CYLINDER (NA | NA) (1325 | GAS CYLINDER (NA | NA)),1325,GAS CYLINDER (NA | NA),11,Non-Consumables,1325,,,0,,0,,,,no,TRUE
GAUZE BANDAGE 6'' (NA | NA) (1296 | GAUZE BANDAGE 6'' (NA | NA)),1296,GAUZE BANDAGE 6'' (NA | NA),9,Non-Drug Consumables,1296,,,0,,0,,,,no,TRUE
GAUZE BANDAGE SIZE 3CM ALL (NA | GAUZE BANDAGE SIZE 3CM ALL) (765 | GAUZE BANDAGE SIZE 3CM ALL (NA | GAUZE BANDAGE SIZE 3CM ALL)),765,GAUZE BANDAGE SIZE 3CM ALL (NA | GAUZE BANDAGE SIZE 3CM ALL),9,Non-Drug Consumables,765,,,1.2,,0,,,,no,TRUE
GAUZE BANDAGE SIZE 6CM ALL (NA | GAUZE BANDAGE SIZE 6CM ALL) (766 | GAUZE BANDAGE SIZE 6CM ALL (NA | GAUZE BANDAGE SIZE 6CM ALL)),766,GAUZE BANDAGE SIZE 6CM ALL (NA | GAUZE BANDAGE SIZE 6CM ALL),9,Non-Drug Consumables,766,,,2.4,,0,,,,no,TRUE
GAUZE ROLL 100YARDS (NA | GAUZE ROLL 100YARDS) (767 | GAUZE ROLL 100YARDS (NA | GAUZE ROLL 100YARDS)),767,GAUZE ROLL 100YARDS (NA | GAUZE ROLL 100YARDS),9,Non-Drug Consumables,767,,,1.2,,0,,,,no,TRUE
GAUZE ROLL 50YARDS (NA | GAUZE ROLL 50YARDS) (768 | GAUZE ROLL 50YARDS (NA | GAUZE ROLL 50YARDS)),768,GAUZE ROLL 50YARDS (NA | GAUZE ROLL 50YARDS),9,Non-Drug Consumables,768,,,1.2,,0,,,,no,TRUE
GCR (NA | GCR) (891 | GCR (NA | GCR)),891,GCR (NA | GCR),10,Stationery,891,,,0,,0,,,,no,TRUE
GEIMSE POWDER (NA | GEIMSE POWDER) (654 | GEIMSE POWDER (NA | GEIMSE POWDER)),654,GEIMSE POWDER (NA | GEIMSE POWDER),7,Laboratory Consumables,654,,,0,,0,,,,no,TRUE
Gel tube (NA | NA) (1286 | Gel tube (NA | NA)),1286,Gel tube (NA | NA),7,Laboratory Consumables,1286,,,0,,0,,,,no,TRUE
Gelatin Infusion (Succinylated Gelatin) (GELATIIN1 | Gelatin Infusion (Succinylated Gelatin)) (271 | Gelatin Infusion (Succinylated Gelatin) (GELATIIN1 | Gelatin Infusion (Succinylated Gelatin))),271,Gelatin Infusion (Succinylated Gelatin) (GELATIIN1 | Gelatin Infusion (Succinylated Gelatin)),4,Pharmacy,271,Gel,,0,,0,82.61,,1/3/2025,yes,TRUE
GENE XPECT CARTRIDGES (NA | GENE XPECT CARTRIDGES) (678 | GENE XPECT CARTRIDGES (NA | GENE XPECT CARTRIDGES)),678,GENE XPECT CARTRIDGES (NA | GENE XPECT CARTRIDGES),7,Laboratory Consumables,678,,,0,,0,,,,no,TRUE
Gentamicin Ear  (GENTAMED1 | Gentamicin Ear ),GENTAMED1,Gentamicin Ear  (GENTAMED1 | Gentamicin Ear ),4,Pharmacy,272,Drops,0.003,8,,3,6.62,,1/3/2025,yes,TRUE
Gentamicin Eye Drop 0.3% 5ml (GENTAMID1 | Gentamicin Eye Drop 0.3% 5ml),GENTAMID1,Gentamicin Eye Drop 0.3% 5ml,4,Pharmacy,273,Drops,0.003,7,,0,6.6,,1/3/2025,yes,TRUE
Gentamicin Injection 40mg (GENTAMIN1 | Gentamicin Injection 40mg),GENTAMIN1,Gentamicin Injection 40mg,4,Pharmacy,274,Injection,40 mg/mL in 2 mL,3,,0,2.75,,1/3/2025,yes,TRUE
GIEMSA STAIN (NA | NA) (1276 | GIEMSA STAIN (NA | NA)),1276,GIEMSA STAIN (NA | NA),7,Laboratory Consumables,1276,,,0,,0,,,,no,TRUE
Glibenclamide  (GLIBENTA1 | Glibenclamide ),GLIBENTA1,Glibenclamide  (GLIBENTA1 | Glibenclamide ),4,Pharmacy,275,Tablet,5 mg,0,,0,0.15,,1/3/2025,yes,TRUE
Gliclazide Tablet 80mg (GLICLATA1 | Gliclazide Tablet 80mg),GLICLATA1,Gliclazide Tablet 80mg,4,Pharmacy,276,Tablet,80 mg,0.8,,0,0.66,,1/3/2025,yes,TRUE
Glimepiride Tablet 2mg (GLIMEPTA2 | Glimepiride Tablet 2mg),GLIMEPTA2,Glimepiride Tablet 2mg,4,Pharmacy,278,Tablet,2 mg,0.4,,0.15,0.19,,1/3/2025,yes,TRUE
GLOY PASTE / GLUE (NA | GLOY PASTE / GLUE) (892 | GLOY PASTE / GLUE (NA | GLOY PASTE / GLUE)),892,GLOY PASTE / GLUE (NA | GLOY PASTE / GLUE),10,Stationery,892,,,0,,0,,,,no,TRUE
Glucagon  (GLUCAGIN1 | Glucagon ),GLUCAGIN1,Glucagon  (GLUCAGIN1 | Glucagon ),4,Pharmacy,281,Injection,1 mg,0,,0,455.4,,1/3/2025,yes,TRUE
GLUCOMETER MACHINE (NA | GLUCOMETER MACHINE) (679 | GLUCOMETER MACHINE (NA | GLUCOMETER MACHINE)),679,GLUCOMETER MACHINE (NA | GLUCOMETER MACHINE),7,Laboratory Consumables,679,,,0,,0,,,,no,TRUE
GLUCOMETER STRIPS (NA | NA) (1218 | GLUCOMETER STRIPS (NA | NA)),1218,GLUCOMETER STRIPS (NA | NA),7,Laboratory Consumables,1218,,,0,,0,,,,no,TRUE
GLUCOSE POWDER (NA | GLUCOSE POWDER) (769 | GLUCOSE POWDER (NA | GLUCOSE POWDER)),769,GLUCOSE POWDER (NA | GLUCOSE POWDER),9,Non-Drug Consumables,769,,,0,,0,,,,no,TRUE
GLUE (NA | GLUE) (1019 | GLUE (NA | GLUE)),1019,GLUE (NA | GLUE),11,Non-Consumables,1019,,,0,,0,,,,no,TRUE
GLYCEROL (NA | NA) (1227 | GLYCEROL (NA | NA)),1227,GLYCEROL (NA | NA),7,Laboratory Consumables,1227,,,0,,0,,,,no,TRUE
Glyceryl Trinitrate  (GLTRSUTA1 | Glyceryl Trinitrate ),GLTRSUTA1,Glyceryl Trinitrate  (GLTRSUTA1 | Glyceryl Trinitrate ),4,Pharmacy,282,Tablet,500 microgram,0,,0,121.63,,1/3/2025,yes,TRUE
GOGGLES (NA | GOGGLES) (771 | GOGGLES (NA | GOGGLES)),771,GOGGLES (NA | GOGGLES),9,Non-Drug Consumables,771,,,0,,0,,,,no,TRUE
GOWN COMPLETE (NA | GOWN COMPLETE) (772 | GOWN COMPLETE (NA | GOWN COMPLETE)),772,GOWN COMPLETE (NA | GOWN COMPLETE),9,Non-Drug Consumables,772,,,0,,0,,,,no,TRUE
Granisetron  (GRANISIN1 | Granisetron ),GRANISIN1,Granisetron  (GRANISIN1 | Granisetron ),4,Pharmacy,283,Injection,1 mg/1mL,50,,0,42.73,,1/2/2023,yes,TRUE
Granisetron Injection 1mg/ml (GRANISTA1 | Granisetron Injection 1mg/ml),GRANISTA1,Granisetron Injection 1mg/ml,4,Pharmacy,284,Tablet,1 mg,0,,0,6,,1/2/2023,yes,TRUE
GREEN MATERIAL (NA | GREEN MATERIAL) (1020 | GREEN MATERIAL (NA | GREEN MATERIAL)),1020,GREEN MATERIAL (NA | GREEN MATERIAL),11,Non-Consumables,1020,,,0,,0,,,,no,TRUE
GREEN TAG (NA | GREEN TAG) (851 | GREEN TAG (NA | GREEN TAG)),851,GREEN TAG (NA | GREEN TAG),10,Stationery,851,,,0,,0,,,,no,TRUE
GREESE PENCIL (NA | GREESE PENCIL) (680 | GREESE PENCIL (NA | GREESE PENCIL)),680,GREESE PENCIL (NA | GREESE PENCIL),7,Laboratory Consumables,680,,,0,,0,,,,no,TRUE
Griseofulvin  (GRISEOSU1 | Griseofulvin ),GRISEOSU1,Griseofulvin  (GRISEOSU1 | Griseofulvin ),4,Pharmacy,285,Suspension,125 mg/5 mL,30,,0,29.26,,1/3/2025,yes,TRUE
Griseofulvin Tablet 125mg (GRISEOTA1 | Griseofulvin Tablet 125mg),GRISEOTA1,Griseofulvin Tablet 125mg,4,Pharmacy,286,Tablet,125 mg,0.5,,0.2,0.35,,1/3/2025,yes,TRUE
Griseofulvin Tablet 500mg (GRISEOTA2 | Griseofulvin Tablet 500mg),GRISEOTA2,Griseofulvin Tablet 500mg,4,Pharmacy,287,Tablet,500 mg,2.5,,0,2.2,,1/3/2025,yes,TRUE
Guaifenesin Containing Expectorant Syrup (GUAIFESY1 | Guaifenesin Containing Expectorant Syrup),GUAIFESY1,Guaifenesin Containing Expectorant Syrup (GUAIFESY1 | Guaifenesin Containing Expectorant Syrup),4,Pharmacy,288,Syrup,,0,,0,34.93,,1/3/2025,yes,TRUE
GUN THERMOMETER (NA | GUN THERMOMETER) (773 | GUN THERMOMETER (NA | GUN THERMOMETER)),773,GUN THERMOMETER (NA | GUN THERMOMETER),9,Non-Drug Consumables,773,,,0,,0,,,,no,TRUE
GX HIV - QA -EID CARTRIDGE (NA | NA) (1321 | GX HIV - QA -EID CARTRIDGE (NA | NA)),1321,GX HIV - QA -EID CARTRIDGE (NA | NA),11,Non-Consumables,1321,,,0,,0,,,,no,TRUE
GX HIV-VIRAL LOAD CARTRIDGE (NA | NA) (1320 | GX HIV-VIRAL LOAD CARTRIDGE (NA | NA)),1320,GX HIV-VIRAL LOAD CARTRIDGE (NA | NA),11,Non-Consumables,1320,,,0,,0,,,,no,TRUE
GYNAE ADMISSION FORM 1 & 2 (NA | GYNAE ADMISSION FORM 1 & 2) (893 | GYNAE ADMISSION FORM 1 & 2 (NA | GYNAE ADMISSION FORM 1 & 2)),893,GYNAE ADMISSION FORM 1 & 2 (NA | GYNAE ADMISSION FORM 1 & 2),10,Stationery,893,,,0,,0,,,,no,TRUE
H-PYLORI (NA | NA) (1188 | H-PYLORI (NA | NA)),1188,H-PYLORI (NA | NA),7,Laboratory Consumables,1188,,,0,,0,,,,no,TRUE
H.PYLORI BLOOD (NA | NA) (1108 | H.PYLORI BLOOD (NA | NA)),1108,H.PYLORI BLOOD (NA | NA),7,Laboratory Consumables,1108,,,0,,0,,,,no,TRUE
HALLOGEN BULB (NA | HALLOGEN BULB) (1021 | HALLOGEN BULB (NA | HALLOGEN BULB)),1021,HALLOGEN BULB (NA | HALLOGEN BULB),11,Non-Consumables,1021,,,0,,0,,,,no,TRUE
Haloperidol  (0.5 mg) (HALOPETA1 | Haloperidol ),HALOPETA1,Haloperidol  (0.5 mg) (HALOPETA1 | Haloperidol ),4,Pharmacy,290,Tablet,0.5 mg,0,,0,0.95,,1/3/2025,yes,TRUE
Haloperidol  (10 mg) (HALOPETA3 | Haloperidol ),HALOPETA3,Haloperidol  (10 mg) (HALOPETA3 | Haloperidol ),4,Pharmacy,291,Tablet,10 mg,0,,0,1.65,,1/3/2025,yes,TRUE
Haloperidol  (HALOPEIN1 | Haloperidol ),HALOPEIN1,Haloperidol  (HALOPEIN1 | Haloperidol ),4,Pharmacy,289,Injection,5 mg/5 mL,2.4,,0,19.5,,1/2/2023,yes,TRUE
HALOPERIDOL DECANOATE (M000667 | Haloperidol),M000667,HALOPERIDOL DECANOATE (M000667 | Haloperidol),4,Pharmacy,1250,Tablet,,0,,0,,,,no,TRUE
Haloperidol Injection 5mg/ml (HALOPETA2 | Haloperidol Injection 5mg/ml),HALOPETA2,Haloperidol Injection 5mg/ml,4,Pharmacy,292,Tablet,5 mg,0,,0,1.41,,1/3/2025,yes,TRUE
HAND SANITIZER (NA | HAND SANITIZER) (1022 | HAND SANITIZER (NA | HAND SANITIZER)),1022,HAND SANITIZER (NA | HAND SANITIZER),11,Non-Consumables,1022,,,0,,0,,,,no,TRUE
HANDHELD INKJET PRINTER (NA | NA) (1391 | HANDHELD INKJET PRINTER (NA | NA)),1391,HANDHELD INKJET PRINTER (NA | NA),12,Electricals,1391,,,0,,0,,,,no,TRUE
HARD CASES (NA | NA) (1323 | HARD CASES (NA | NA)),1323,HARD CASES (NA | NA),11,Non-Consumables,1323,,,0,,0,,,,no,TRUE
HB METER (URIT) (NA | NA) (1311 | HB METER (URIT) (NA | NA)),1311,HB METER (URIT) (NA | NA),7,Laboratory Consumables,1311,,,0,,0,,,,no,TRUE
HB STRIPS (NA | HB STRIPS) (681 | HB STRIPS (NA | HB STRIPS)),681,HB STRIPS (NA | HB STRIPS),7,Laboratory Consumables,681,,,0,,0,,,,no,TRUE
HEART TABLE (NA | HEART TABLE) (774 | HEART TABLE (NA | HEART TABLE)),774,HEART TABLE (NA | HEART TABLE),9,Non-Drug Consumables,774,,,0,,0,,,,no,TRUE
Heparin  (5000 units/mL in 1mL) (HEPARIIN2 | Heparin ),HEPARIIN2,Heparin  (5000 units/mL in 1mL) (HEPARIIN2 | Heparin ),4,Pharmacy,294,Injection,5000 units/mL in 1mL,0,,0,39,,1/2/2023,yes,TRUE
Heparin  (5000 units/mL in 5 mL) (HEPARIIN3 | Heparin ),HEPARIIN3,Heparin  (5000 units/mL in 5 mL) (HEPARIIN3 | Heparin ),4,Pharmacy,295,Injection,5000 units/mL in 5 mL,0,,0,81.12,,1/3/2025,yes,TRUE
Heparin Injection 1000iu (HEPARIIN1 | Heparin Injection 1000iu),HEPARIIN1,Heparin Injection 1000iu,4,Pharmacy,293,Injection,1000 units/mL in 5 mL,15,,0,69.42,,1/3/2025,yes,TRUE
HEPATITIS B KIT (NA | HEPATITIS B KIT) (682 | HEPATITIS B KIT (NA | HEPATITIS B KIT)),682,HEPATITIS B KIT (NA | HEPATITIS B KIT),7,Laboratory Consumables,682,,,0,,0,,,,no,TRUE
HEPATITIS B PROFILE (NA | HEPATITIS B PROFILE) (656 | HEPATITIS B PROFILE (NA | HEPATITIS B PROFILE)),656,HEPATITIS B PROFILE (NA | HEPATITIS B PROFILE),7,Laboratory Consumables,656,,,0,,0,,,,no,TRUE
HEPATITIS C KIT (NA | HEPATITIS C KIT) (657 | HEPATITIS C KIT (NA | HEPATITIS C KIT)),657,HEPATITIS C KIT (NA | HEPATITIS C KIT),7,Laboratory Consumables,657,,,0,,0,,,,no,TRUE
HOSPITAL BED WITH MATTRESS (NA | HOSPITAL BED WITH MATTRESS) (1023 | HOSPITAL BED WITH MATTRESS (NA | HOSPITAL BED WITH MATTRESS)),1023,HOSPITAL BED WITH MATTRESS (NA | HOSPITAL BED WITH MATTRESS),11,Non-Consumables,1023,,,0,,0,,,,no,TRUE
HOT WATER BOTTLE (NA | NA) (1207 | HOT WATER BOTTLE (NA | NA)),1207,HOT WATER BOTTLE (NA | NA),9,Non-Drug Consumables,1207,,,0,,0,,,,no,TRUE
HOUSEHOLD GLOVES (NA | HOUSEHOLD GLOVES) (1024 | HOUSEHOLD GLOVES (NA | HOUSEHOLD GLOVES)),1024,HOUSEHOLD GLOVES (NA | HOUSEHOLD GLOVES),11,Non-Consumables,1024,,,0,,0,,,,no,TRUE
Human Immune Tetanus Globulins  (HUIMTEIN1 | Human Immune Tetanus Globulins ),HUIMTEIN1,Human Immune Tetanus Globulins  (HUIMTEIN1 | Human Immune Tetanus Globulins ),4,Pharmacy,296,Injection,250 IU/mL,40,,0,42.85,,1/3/2025,yes,TRUE
HUMIDIFIER BOTTLE (NA | NA) (1294 | HUMIDIFIER BOTTLE (NA | NA)),1294,HUMIDIFIER BOTTLE (NA | NA),9,Non-Drug Consumables,1294,,,0,,0,,,,no,TRUE
Hydralazine  (25 mg) (HYDRALTA1 | Hydralazine ),HYDRALTA1,Hydralazine  (25 mg) (HYDRALTA1 | Hydralazine ),4,Pharmacy,299,Tablet,25 mg,0,,0,3.25,,1/3/2025,yes,TRUE
Hydralazine Injection (HYDRALIN1 | Hydralazine Injection),HYDRALIN1,Hydralazine Injection,4,Pharmacy,298,Injection,20 mg,32,,2,26.95,,1/3/2025,yes,TRUE
Hydrocortisone Cream 1% (HYDROCCR1 | Hydrocortisone Cream 1%),HYDROCCR1,Hydrocortisone Cream 1%,4,Pharmacy,300,Cream,0.01,13,,1,12.06,,1/3/2025,yes,TRUE
Hydrocortisone Eye Drops 1% (HYDROCID1 | Hydrocortisone Eye Drops 1%),HYDROCID1,Hydrocortisone Eye Drops 1%,4,Pharmacy,301,Drops,0.01,0.7,,0,16.5,,1/3/2025,yes,TRUE
Hydrocortisone Eye Ointment 1% (HYDROCEO1 | Hydrocortisone Eye Ointment 1%),HYDROCEO1,Hydrocortisone Eye Ointment 1%,4,Pharmacy,302,Ointment,0.01,11,,0,13.86,,1/3/2025,yes,TRUE
Hydrocortisone Injection 100mg (HYSOSUIN1 | Hydrocortisone Injection 100mg),HYSOSUIN1,Hydrocortisone Injection 100mg,4,Pharmacy,303,Injection,100 mg,12,,0,11,,1/3/2025,yes,TRUE
HYDROGEN PEROXIDE (M000571 | HYDROGEN PEROXIDE),M000571,HYDROGEN PEROXIDE (M000571 | HYDROGEN PEROXIDE),4,Pharmacy,569,0,200ml,0,,0,,,,no,TRUE
Hydroxocobalamin  (HYDROXIN1 | Hydroxocobalamin ),HYDROXIN1,Hydroxocobalamin  (HYDROXIN1 | Hydroxocobalamin ),4,Pharmacy,304,Injection,1 mg/mL,0.7,,0,7.8,,1/2/2023,yes,TRUE
Hydroxyurea Capsules 500mg (HYDROXCA1 | Hydroxyurea Capsules 500mg),HYDROXCA1,Hydroxyurea Capsules 500mg,4,Pharmacy,305,Capsule,500mg,29,,0,2.76,,1/2/2023,yes,TRUE
Hyoscine Butylbromide Injection 20mg (HYOBUTIN1 | Hyoscine Butylbromide Injection 20mg),HYOBUTIN1,Hyoscine Butylbromide Injection 20mg,4,Pharmacy,306,Injection,20 mg/ mL,8,,1,6.6,,1/3/2025,yes,TRUE
Hyoscine Butylbromide Tablet 10mg (HYOBUTTA1 | Hyoscine Butylbromide Tablet 10mg),HYOBUTTA1,Hyoscine Butylbromide Tablet 10mg,4,Pharmacy,307,Tablet,10 mg,1,,0,0.99,,1/3/2025,yes,TRUE
HYPODERMIC EMBALMING NEEDLE (NA | HYPODERMIC EMBALMING NEEDLE) (775 | HYPODERMIC EMBALMING NEEDLE (NA | HYPODERMIC EMBALMING NEEDLE)),775,HYPODERMIC EMBALMING NEEDLE (NA | HYPODERMIC EMBALMING NEEDLE),9,Non-Drug Consumables,775,,,0,,0,,,,no,TRUE
Ibuprofen Suspension (IBUPROSU1 | Ibuprofen Suspension),IBUPROSU1,Ibuprofen Suspension,4,Pharmacy,308,Suspension,100 mg/5 mL,13,,0,12.65,,1/3/2025,yes,TRUE
Ibuprofen Tablet 200mg (IBUPROTA1 | Ibuprofen Tablet 200mg),IBUPROTA1,Ibuprofen Tablet 200mg,4,Pharmacy,309,Tablet,200 mg,0.3,,0,0.22,,1/3/2025,yes,TRUE
Ibuprofen Tablet 400mg (IBUPROTA2 | Ibuprofen Tablet 400mg),IBUPROTA2,Ibuprofen Tablet 400mg,4,Pharmacy,310,Tablet,400 mg,0.35,,0,0.28,,1/3/2025,yes,TRUE
IDENTITY CARDS (NA | IDENTITY CARDS) (894 | IDENTITY CARDS (NA | IDENTITY CARDS)),894,IDENTITY CARDS (NA | IDENTITY CARDS),10,Stationery,894,,,0,,0,,,,no,TRUE
Imipramine (IMIPRATA1 | Imipramine),IMIPRATA1,Imipramine (IMIPRATA1 | Imipramine),4,Pharmacy,311,Tablet,25 mg,0,,0,0.33,,1/3/2025,yes,TRUE
IMMEDIATE POST-OPERATIVE MANAGEMENT SHEET (NA | NA) (1386 | IMMEDIATE POST-OPERATIVE MANAGEMENT SHEET (NA | NA)),1386,IMMEDIATE POST-OPERATIVE MANAGEMENT SHEET (NA | NA),10,Stationery,1386,,,0,,0,,,,no,TRUE
INFANT NAME TAG (NA | INFANT NAME TAG) (776 | INFANT NAME TAG (NA | INFANT NAME TAG)),776,INFANT NAME TAG (NA | INFANT NAME TAG),9,Non-Drug Consumables,776,,,0,,0,,,,no,TRUE
INFANT SCALE DIGITAL (NA | INFANT SCALE DIGITAL) (777 | INFANT SCALE DIGITAL (NA | INFANT SCALE DIGITAL)),777,INFANT SCALE DIGITAL (NA | INFANT SCALE DIGITAL),9,Non-Drug Consumables,777,,,0,,0,,,,no,TRUE
INFANT SCALE MANUAL (NA | INFANT SCALE MANUAL) (778 | INFANT SCALE MANUAL (NA | INFANT SCALE MANUAL)),778,INFANT SCALE MANUAL (NA | INFANT SCALE MANUAL),9,Non-Drug Consumables,778,,,0,,0,,,,no,TRUE
INFUSION PUMP (NA | NA) (1098 | INFUSION PUMP (NA | NA)),1098,INFUSION PUMP (NA | NA),9,Non-Drug Consumables,1098,,,0,,0,,,,no,TRUE
INSTRUMENT DRUM VARIOUS (NA | INSTRUMENT DRUM VARIOUS) (779 | INSTRUMENT DRUM VARIOUS (NA | INSTRUMENT DRUM VARIOUS)),779,INSTRUMENT DRUM VARIOUS (NA | INSTRUMENT DRUM VARIOUS),9,Non-Drug Consumables,779,,,0,,0,,,,no,TRUE
INSTRUMENT TRAY (VARIOUS) (NA | INSTRUMENT TRAY (VARIOUS)) (780 | INSTRUMENT TRAY (VARIOUS) (NA | INSTRUMENT TRAY (VARIOUS))),780,INSTRUMENT TRAY (VARIOUS) (NA | INSTRUMENT TRAY (VARIOUS)),9,Non-Drug Consumables,780,,,0,,0,,,,no,TRUE
Insulin premixed (30/70) HM  (INPRMIIN1 | Insulin premixed (30/70) HM ),INPRMIIN1,Insulin premixed (30/70) HM  (INPRMIIN1 | Insulin premixed (30/70) HM ),4,Pharmacy,314,Injection,100 units/mL in 10 mL,100,,20,84.42,,1/3/2025,yes,TRUE
Insulin syringe with needles (M000671 | Insulin syringe with needles),M000671,Insulin syringe with needles (M000671 | Insulin syringe with needles),4,Pharmacy,1277,Piece,,3.3,,0,,,,no,TRUE
Intralipid Solution (for TPN) (INTRALSO1 | Intralipid Solution (for TPN)) (316 | Intralipid Solution (for TPN) (INTRALSO1 | Intralipid Solution (for TPN))),316,Intralipid Solution (for TPN) (INTRALSO1 | Intralipid Solution (for TPN)),4,Pharmacy,316,Solution,,0,,0,88.4,,1/2/2023,yes,TRUE
IPAS MVA KIT (NA | IPAS MVA KIT) (781 | IPAS MVA KIT (NA | IPAS MVA KIT)),781,IPAS MVA KIT (NA | IPAS MVA KIT),9,Non-Drug Consumables,781,,,0,,0,,,,no,TRUE
Ipratropium Bromide  (500 micrograms) (IPRBROGA2 | Ipratropium Bromide ),IPRBROGA2,Ipratropium Bromide  (500 micrograms) (IPRBROGA2 | Ipratropium Bromide ),4,Pharmacy,313,Nebules,500 micrograms,0,,0,14.3,,1/3/2025,yes,TRUE
Ipratropium Bromide (250 mcg) (IPRBROGA1 | Ipratropium Bromide ),IPRBROGA1,Ipratropium Bromide (250 mcg) (IPRBROGA1 | Ipratropium Bromide ),4,Pharmacy,312,Nebules,250 micrograms,12,,0,11,,1/3/2025,yes,TRUE
Iron (III) Polymaltose Capsules (IROPOLCA1 | Iron (III) Polymaltose Capsules),IROPOLCA1,Iron (III) Polymaltose Capsules,4,Pharmacy,317,Capsule,,0.42,,0.1,0.28,,4/6/2025,yes,TRUE
Iron (III) Polymaltose Complex  () (IROPOLSU1 | Iron (III) Polymaltose Complex ),IROPOLSU1,Iron (III) Polymaltose Complex  () (IROPOLSU1 | Iron (III) Polymaltose Complex ),4,Pharmacy,318,Suspension,,12,,2,9.75,,1/3/2025,yes,TRUE
Iron Dextran  (IRODEXIN1 | Iron Dextran ),IRODEXIN1,Iron Dextran  (IRODEXIN1 | Iron Dextran ),4,Pharmacy,319,Injection,100mg/2mL,0,,0,27.5,,1/3/2025,yes,TRUE
IRON SUCROSE  (20mg/ml in 5ml) (M000572 | IRON SUCROSE ),M000572,IRON SUCROSE  (20mg/ml in 5ml) (M000572 | IRON SUCROSE ),4,Pharmacy,570,Injection,20mg/ml in 5ml,42,,0,,,,no,TRUE
ISOFLURANE   (M000573 | ISOFLURANE  ),M000573,ISOFLURANE   (M000573 | ISOFLURANE  ),4,Pharmacy,571,Inhaler,250ml,1200,,0,,,,no,TRUE
ISOLATION GOWN (NA | NA) (1235 | ISOLATION GOWN (NA | NA)),1235,ISOLATION GOWN (NA | NA),9,Non-Drug Consumables,1235,,,0,,0,,,,no,TRUE
Isophane Insulin (HM) (ISOINSIN1 | Isophane Insulin (HM)) (321 | Isophane Insulin (HM) (ISOINSIN1 | Isophane Insulin (HM))),321,Isophane Insulin (HM) (ISOINSIN1 | Isophane Insulin (HM)),4,Pharmacy,321,Injection,100 units/mL in 10 mL,0,,0,100.1,,1/3/2025,yes,TRUE
Isosorbide Dinitrate  (ISODINTA1 | Isosorbide Dinitrate ),ISODINTA1,Isosorbide Dinitrate  (ISODINTA1 | Isosorbide Dinitrate ),4,Pharmacy,322,Tablet,10 mg,0,,0,1.97,,1/3/2025,yes,TRUE
Isulin Soluble (NA | NA) (1357 | Isulin Soluble (NA | NA)),1357,Isulin Soluble (NA | NA),4,Pharmacy,1357,0,,0,,0,,,,no,TRUE
Itraconazole  (10 mg/mL) (ITRACOSU1 | Itraconazole ),ITRACOSU1,Itraconazole  (10 mg/mL) (ITRACOSU1 | Itraconazole ),4,Pharmacy,324,Suspension,10 mg/mL,0,,0,31.2,,1/2/2023,yes,TRUE
Itraconazole  (ITRACOCA1 | Itraconazole ),ITRACOCA1,Itraconazole  (ITRACOCA1 | Itraconazole ),4,Pharmacy,323,Capsule,100 mg,0,,0,6.24,,1/2/2023,yes,TRUE
IV CANNULA 24 (NA | NA) (1297 | IV CANNULA 24 (NA | NA)),1297,IV CANNULA 24 (NA | NA),9,Non-Drug Consumables,1297,,,0,,0,,,,no,TRUE
IV CANNULLAR 20 (NA | NA) (1298 | IV CANNULLAR 20 (NA | NA)),1298,IV CANNULLAR 20 (NA | NA),9,Non-Drug Consumables,1298,,,0,,0,,,,no,TRUE
IV CANNULLAR SIZE 16G (NA | IV CANNULLAR SIZE 16G) (782 | IV CANNULLAR SIZE 16G (NA | IV CANNULLAR SIZE 16G)),782,IV CANNULLAR SIZE 16G (NA | IV CANNULLAR SIZE 16G),9,Non-Drug Consumables,782,,,0,,0,,,,no,TRUE
IV CANNULLAR SIZE 18G (NA | IV CANNULLAR SIZE 18G) (783 | IV CANNULLAR SIZE 18G (NA | IV CANNULLAR SIZE 18G)),783,IV CANNULLAR SIZE 18G (NA | IV CANNULLAR SIZE 18G),9,Non-Drug Consumables,783,,,0,,0,,,,no,TRUE
IV CANNULLAR SIZE 20G (NA | IV CANNULLAR SIZE 20G) (784 | IV CANNULLAR SIZE 20G (NA | IV CANNULLAR SIZE 20G)),784,IV CANNULLAR SIZE 20G (NA | IV CANNULLAR SIZE 20G),9,Non-Drug Consumables,784,,,0,,0,,,,no,TRUE
IV CANNULLAR SIZE 26 (NA | NA) (1269 | IV CANNULLAR SIZE 26 (NA | NA)),1269,IV CANNULLAR SIZE 26 (NA | NA),9,Non-Drug Consumables,1269,,,0,,0,,,,no,TRUE
IV CANULLAR SIZE 22G (NA | IV CANULLAR SIZE 22G) (785 | IV CANULLAR SIZE 22G (NA | IV CANULLAR SIZE 22G)),785,IV CANULLAR SIZE 22G (NA | IV CANULLAR SIZE 22G),9,Non-Drug Consumables,785,,,0,,0,,,,no,TRUE
IV CANULLAR SIZE 24G (NA | IV CANULLAR SIZE 24G) (786 | IV CANULLAR SIZE 24G (NA | IV CANULLAR SIZE 24G)),786,IV CANULLAR SIZE 24G (NA | IV CANULLAR SIZE 24G),9,Non-Drug Consumables,786,,,0,,0,,,,no,TRUE
KERATOME BLADES (NA | KERATOME BLADES) (787 | KERATOME BLADES (NA | KERATOME BLADES)),787,KERATOME BLADES (NA | KERATOME BLADES),9,Non-Drug Consumables,787,,,0,,0,,,,no,TRUE
KETAMINE  (M000574 | KETAMINE ),M000574,KETAMINE  (M000574 | KETAMINE ),4,Pharmacy,572,Injection,50mg/ml in 10ml,50,,0,,,,no,TRUE
Ketoconazole  (200 mg) (KETOCOTA1 | Ketoconazole ),KETOCOTA1,Ketoconazole  (200 mg) (KETOCOTA1 | Ketoconazole ),4,Pharmacy,326,Tablet,200 mg,0,,0,8.5,,1/3/2025,yes,TRUE
Ketoconazole  (KETOCOCR1 | Ketoconazole ) (Cream) (Cream),KETOCOCR1,Ketoconazole  (KETOCOCR1 | Ketoconazole ) (Cream) (Cream),4,Pharmacy,325,Cream,30g,25,,0,22,,1/3/2025,yes,TRUE
KETTLE (NA | NA) (1272 | KETTLE (NA | NA)),1272,KETTLE (NA | NA),12,Electricals,1272,,,0,,0,,,,no,TRUE
KIDNEY DISH (NA | NA) (1278 | KIDNEY DISH (NA | NA)),1278,KIDNEY DISH (NA | NA),9,Non-Drug Consumables,1278,,,0,,0,,,,no,TRUE
KIMOFER TABLETS (M000678 | Liposomal iron),M000678,KIMOFER TABLETS (M000678 | Liposomal iron),4,Pharmacy,1355,Tablet,30mg + 300mcg,2.56,,0,,,,no,TRUE
KY GEL LUBRICANT (NA | NA) (1189 | KY GEL LUBRICANT (NA | NA)),1189,KY GEL LUBRICANT (NA | NA),9,Non-Drug Consumables,1189,,,0,,0,,,,no,TRUE
LAB COAT (NA | NA) (1190 | LAB COAT (NA | NA)),1190,LAB COAT (NA | NA),9,Non-Drug Consumables,1190,,,0,,0,,,,no,TRUE
Labetalol  (100 mg) (LABETATA1 | Labetalol ),LABETATA1,Labetalol  (100 mg) (LABETATA1 | Labetalol ),4,Pharmacy,328,Tablet,100 mg,0,,0,3.12,,1/2/2023,yes,TRUE
Labetalol (200 mg) (LABETATA2 | Labetalol),LABETATA2,Labetalol (200 mg) (LABETATA2 | Labetalol),4,Pharmacy,329,Tablet,200 mg,0,,0,4.4,,1/3/2025,yes,TRUE
Labetalol (LABETAIN1 | Labetalol),LABETAIN1,Labetalol (LABETAIN1 | Labetalol),4,Pharmacy,327,Injection,5 mg/mL in 20 mL,0,,0,93.6,,1/2/2023,yes,TRUE
LABORATORY REGISTER (NA | LABORATORY REGISTER) (895 | LABORATORY REGISTER (NA | LABORATORY REGISTER)),895,LABORATORY REGISTER (NA | LABORATORY REGISTER),10,Stationery,895,,,0,,0,,,,no,TRUE
LABORATORY REQUEST FORM (NA | NA) (1382 | LABORATORY REQUEST FORM (NA | NA)),1382,LABORATORY REQUEST FORM (NA | NA),10,Stationery,1382,,,0,,0,,,,no,TRUE
LABOUR CHART (NA | LABOUR CHART) (897 | LABOUR CHART (NA | LABOUR CHART)),897,LABOUR CHART (NA | LABOUR CHART),10,Stationery,897,,,0,,0,,,,no,TRUE
LABOUR CHART OBSTETRIC (NA | LABOUR CHART OBSTETRIC) (896 | LABOUR CHART OBSTETRIC (NA | LABOUR CHART OBSTETRIC)),896,LABOUR CHART OBSTETRIC (NA | LABOUR CHART OBSTETRIC),10,Stationery,896,,,0,,0,,,,no,TRUE
LABOUR WARD AUDIT TOOL (NA | LABOUR WARD AUDIT TOOL) (898 | LABOUR WARD AUDIT TOOL (NA | LABOUR WARD AUDIT TOOL)),898,LABOUR WARD AUDIT TOOL (NA | LABOUR WARD AUDIT TOOL),10,Stationery,898,,,0,,0,,,,no,TRUE
Lactulose  (LACTULLI1 | Lactulose ),LACTULLI1,Lactulose  (LACTULLI1 | Lactulose ),4,Pharmacy,330,Liquid,3.1-3.7 g/5 mL,0,,0,75.35,,1/3/2025,yes,TRUE
LAMP 105W (NA | LAMP 105W) (1028 | LAMP 105W (NA | LAMP 105W)),1028,LAMP 105W (NA | LAMP 105W),11,Non-Consumables,1028,,,0,,0,,,,no,TRUE
LAMP HOLDER (NA | LAMP HOLDER) (788 | LAMP HOLDER (NA | LAMP HOLDER)),788,LAMP HOLDER (NA | LAMP HOLDER),9,Non-Drug Consumables,788,,,0,,0,,,,no,TRUE
LAMP HOLDER ANGLE (NA | NA) (1132 | LAMP HOLDER ANGLE (NA | NA)),1132,LAMP HOLDER ANGLE (NA | NA),11,Non-Consumables,1132,,,0,,0,,,,no,TRUE
LAPTOP COMPUTERS (NA | NA) (1219 | LAPTOP COMPUTERS (NA | NA)),1219,LAPTOP COMPUTERS (NA | NA),9,Non-Drug Consumables,1219,,,0,,0,,,,no,TRUE
LARYNGEAL AIR MASKS SIZE 1 (NA | LARYNGEAL AIR MASKS SIZE 1) (1030 | LARYNGEAL AIR MASKS SIZE 1 (NA | LARYNGEAL AIR MASKS SIZE 1)),1030,LARYNGEAL AIR MASKS SIZE 1 (NA | LARYNGEAL AIR MASKS SIZE 1),11,Non-Consumables,1030,,,0,,0,,,,no,TRUE
LARYNGEAL AIR MASKS SIZE 2 (NA | LARYNGEAL AIR MASKS SIZE 2) (1031 | LARYNGEAL AIR MASKS SIZE 2 (NA | LARYNGEAL AIR MASKS SIZE 2)),1031,LARYNGEAL AIR MASKS SIZE 2 (NA | LARYNGEAL AIR MASKS SIZE 2),11,Non-Consumables,1031,,,0,,0,,,,no,TRUE
LARYNGEAL AIR MASKS SIZE 3 (NA | LARYNGEAL AIR MASKS SIZE 3) (1032 | LARYNGEAL AIR MASKS SIZE 3 (NA | LARYNGEAL AIR MASKS SIZE 3)),1032,LARYNGEAL AIR MASKS SIZE 3 (NA | LARYNGEAL AIR MASKS SIZE 3),11,Non-Consumables,1032,,,0,,0,,,,no,TRUE
LARYNGEAL AIR MASKS SIZE 4 (NA | LARYNGEAL AIR MASKS SIZE 4) (1033 | LARYNGEAL AIR MASKS SIZE 4 (NA | LARYNGEAL AIR MASKS SIZE 4)),1033,LARYNGEAL AIR MASKS SIZE 4 (NA | LARYNGEAL AIR MASKS SIZE 4),11,Non-Consumables,1033,,,0,,0,,,,no,TRUE
LARYNGOSCOPE  (NA | NA) (1290 | LARYNGOSCOPE  (NA | NA)),1290,LARYNGOSCOPE  (NA | NA),9,Non-Drug Consumables,1290,,,0,,0,,,,no,TRUE
LARYNGOSCOPE SET (NA | LARYNGOSCOPE SET) (789 | LARYNGOSCOPE SET (NA | LARYNGOSCOPE SET)),789,LARYNGOSCOPE SET (NA | LARYNGOSCOPE SET),9,Non-Drug Consumables,789,,,0,,0,,,,no,TRUE
LAUNDRY BOOK WARD (NA | LAUNDRY BOOK WARD) (899 | LAUNDRY BOOK WARD (NA | LAUNDRY BOOK WARD)),899,LAUNDRY BOOK WARD (NA | LAUNDRY BOOK WARD),10,Stationery,899,,,0,,0,,,,no,TRUE
LAUNDRY BUSKET (NA | LAUNDRY BUSKET) (1034 | LAUNDRY BUSKET (NA | LAUNDRY BUSKET)),1034,LAUNDRY BUSKET (NA | LAUNDRY BUSKET),11,Non-Consumables,1034,,,0,,0,,,,no,TRUE
LED BULB (NA | NA) (1293 | LED BULB (NA | NA)),1293,LED BULB (NA | NA),12,Electricals,1293,,,0,,0,,,,no,TRUE
LEDGER BOOK (NA | NA) (1312 | LEDGER BOOK (NA | NA)),1312,LEDGER BOOK (NA | NA),10,Stationery,1312,,,0,,0,,,,no,TRUE
LENSE CLEANER (NA | LENSE CLEANER) (684 | LENSE CLEANER (NA | LENSE CLEANER)),684,LENSE CLEANER (NA | LENSE CLEANER),7,Laboratory Consumables,684,,,0,,0,,,,no,TRUE
LETTER DISPATCH BOOK (NA | LETTER DISPATCH BOOK) (900 | LETTER DISPATCH BOOK (NA | LETTER DISPATCH BOOK)),900,LETTER DISPATCH BOOK (NA | LETTER DISPATCH BOOK),10,Stationery,900,,,0,,0,,,,no,TRUE
LETTER RECEIVE  BOOK (NA | LETTER RECEIVE  BOOK) (901 | LETTER RECEIVE  BOOK (NA | LETTER RECEIVE  BOOK)),901,LETTER RECEIVE  BOOK (NA | LETTER RECEIVE  BOOK),10,Stationery,901,,,0,,0,,,,no,TRUE
Levofloxacin (500mg/100mL) (M000676 | Levofloxacin),M000676,Levofloxacin (500mg/100mL) (M000676 | Levofloxacin),4,Pharmacy,1345,Injection,500mg/100mL,120,,0,,,,no,TRUE
LEVOFLOXACIN (750MG) (M000669 | INFILE 750),M000669,LEVOFLOXACIN (750MG) (M000669 | INFILE 750),4,Pharmacy,1252,Tablet,750MG,2.8,,0,,,,no,TRUE
Levothyroxine Sodium  (25 microgram) (LEVSODTA1 | Levothyroxine Sodium ),LEVSODTA1,Levothyroxine Sodium  (25 microgram) (LEVSODTA1 | Levothyroxine Sodium ),4,Pharmacy,332,Tablet,25 microgram,0,,0,0.92,,1/3/2025,yes,TRUE
Levothyroxine Sodium (50 microgram) (LEVSODTA2 | Levothyroxine Sodium),LEVSODTA2,Levothyroxine Sodium (50 microgram) (LEVSODTA2 | Levothyroxine Sodium),4,Pharmacy,333,Tablet,50 microgram,20,,0,1.1,,1/3/2025,yes,TRUE
Levothyroxine Tablet 100mcg (LEVSODTA3 | Levothyroxine Tablet 100mcg),LEVSODTA3,Levothyroxine Tablet 100mcg,4,Pharmacy,331,Tablet,100 microgram,0.7,,0,1.32,,1/3/2025,yes,TRUE
LEXSPORIN OINTMENT (M000657 | NA),M000657,LEXSPORIN OINTMENT (M000657 | NA),4,Pharmacy,1184,0,,60,,0,,,,no,TRUE
Lidocaine  (0.04) (LIDOCAGE1 | Lidocaine ),LIDOCAGE1,Lidocaine  (0.04) (LIDOCAGE1 | Lidocaine ),4,Pharmacy,335,Gel,0.04,0,,0,76.67,,1/3/2025,yes,TRUE
Lidocaine  (LIDOCACR1 | Lidocaine ),LIDOCACR1,Lidocaine  (LIDOCACR1 | Lidocaine ),4,Pharmacy,334,Cream,0.02,0,,0,38.5,,1/3/2025,yes,TRUE
LIDOCAINE (2% in 20mls) (M000575 | LIDOCAINE),M000575,LIDOCAINE (2% in 20mls) (M000575 | LIDOCAINE),4,Pharmacy,573,Injection,2% in 20mls,19,,0,,,,no,TRUE
LIQUID SOAP (NA | LIQUID SOAP) (601 | LIQUID SOAP (NA | LIQUID SOAP)),601,LIQUID SOAP (NA | LIQUID SOAP),5,Consumables,601,,,12.5,,0,,,,no,TRUE
Lisinopril + Hydrochlorthiazide Tablet (20 Mg + 12.5 Mg) (LISHYDTA2 | Lisinopril + Hydrochlorthiazide Tablet (20 Mg + 12.5 Mg)),LISHYDTA2,Lisinopril + Hydrochlorthiazide Tablet (20 Mg + 12.5 Mg),4,Pharmacy,337,Tablet,20 mg + 12.5 mg,2.5,,0,1.26,,1/3/2025,yes,TRUE
lisinopril tab 10/12.5mg (M000640 | NA) (0),M000640,lisinopril tab 10/12.5mg (M000640 | NA) (0),4,Pharmacy,1167,0,,2,,0,,,,no,TRUE
Lisinopril Tablet 10 Mg (LISINOTA3 | Lisinopril Tablet 10 Mg),LISINOTA3,Lisinopril Tablet 10 Mg,4,Pharmacy,338,Tablet,10 mg,0.25,,0.1,0.21,,1/3/2025,yes,TRUE
Lisinopril Tablet 5 Mg (LISINOTA2 | Lisinopril Tablet 5 Mg),LISINOTA2,Lisinopril Tablet 5 Mg,4,Pharmacy,341,Tablet,5 mg,0.5,,0,0.39,,1/3/2025,yes,TRUE
Lodoxamide Eye  (LODOXAID1 | Lodoxamide Eye ),LODOXAID1,Lodoxamide Eye  (LODOXAID1 | Lodoxamide Eye ),4,Pharmacy,342,Drops,0.001,0,,0,8.9,,1/3/2025,yes,TRUE
Lorazepam  (1 mg) (LORAZETA1 | Lorazepam ),LORAZETA1,Lorazepam  (1 mg) (LORAZETA1 | Lorazepam ),4,Pharmacy,344,Tablet,1 mg,0,,0,1.76,,1/3/2025,yes,TRUE
Lorazepam  (2 mg) (LORAZETA2 | Lorazepam ),LORAZETA2,Lorazepam  (2 mg) (LORAZETA2 | Lorazepam ),4,Pharmacy,345,Tablet,2 mg,0,,0,0.44,,1/3/2025,yes,TRUE
Lorazepam  (2.5 mg) (LORAZETA3 | Lorazepam ),LORAZETA3,Lorazepam  (2.5 mg) (LORAZETA3 | Lorazepam ),4,Pharmacy,346,Tablet,2.5 mg,0,,0,1.56,,1/2/2023,yes,TRUE
Lorazepam Injection 4mg/ml (LORAZEIN1 | Lorazepam Injection 4mg/ml),LORAZEIN1,Lorazepam Injection 4mg/ml,4,Pharmacy,343,Injection,4 mg/mL in 1mL,10,,0,8.4,,1/2/2023,yes,TRUE
Losartan Tablet 50mg (LOSARTTA2 | Losartan Tablet 50mg),LOSARTTA2,Losartan Tablet 50mg,4,Pharmacy,349,Tablet,50 mg,0.3,,0,0.26,,1/3/2025,yes,TRUE
LYSERCELL WDF 2L (NA | LYSERCELL WDF 2L) (1035 | LYSERCELL WDF 2L (NA | LYSERCELL WDF 2L)),1035,LYSERCELL WDF 2L (NA | LYSERCELL WDF 2L),11,Non-Consumables,1035,,,0,,0,,,,no,TRUE
MAGIL\'S FORCEPS (NA | NA) (1036 | MAGIL\'S FORCEPS (NA | NA)),1036,MAGIL\'S FORCEPS (NA | NA),11,Non-Consumables,1036,,,0,,0,,,,no,TRUE
Magnesium Sulphate Injection 20% (MAGSULIN1 | Magnesium Sulphate Injection 20%),MAGSULIN1,Magnesium Sulphate Injection 20%,4,Pharmacy,350,Injection,20% 10 mL,12,,0,5.96,,1/3/2025,yes,TRUE
Magnesium Sulphate Injection 50% (MAGSULIN3 | Magnesium Sulphate Injection 50%),MAGSULIN3,Magnesium Sulphate Injection 50%,4,Pharmacy,351,Injection,50% 10 mL,25,,5,19.54,,1/3/2025,yes,TRUE
Magnesium Sulphate Salt (MAGSULPO1 | Magnesium Sulphate Salt),MAGSULPO1,Magnesium Sulphate Salt (MAGSULPO1 | Magnesium Sulphate Salt),4,Pharmacy,352,Salt,,0,,0,33,,1/3/2025,yes,TRUE
Magnesium Trisilicate + Aluminium Hydroxide Mixture (MATRALMI1 | Magnesium Trisilicate + Aluminium Hydroxide Mixture),MATRALMI1,Magnesium Trisilicate + Aluminium Hydroxide Mixture (MATRALMI1 | Magnesium Trisilicate + Aluminium Hydroxide Mixture),4,Pharmacy,353,Mixture,,25,,0,22.22,,1/3/2025,yes,TRUE
MAKINTOSH (NA | MAKINTOSH) (790 | MAKINTOSH (NA | MAKINTOSH)),790,MAKINTOSH (NA | MAKINTOSH),9,Non-Drug Consumables,790,,,0,,0,,,,no,TRUE
MALARIA RDT (NA | NA) (685 | MALARIA RDT (NA | NA)),685,MALARIA RDT (NA | NA),7,Laboratory Consumables,685,,,0,,0,,,,no,TRUE
MANICEPS (M000593 | MANICEPS),M000593,MANICEPS (M000593 | MANICEPS),4,Pharmacy,593,Syrup,250mg,0,,0,,,,no,TRUE
Mannitol  (MANNITIN2 | Mannitol ),MANNITIN2,Mannitol  (MANNITIN2 | Mannitol ),4,Pharmacy,358,Injection,0.2,35,,0,30.42,,1/3/2025,yes,TRUE
Mannitol (MANNITIN1 | Mannitol),MANNITIN1,Mannitol (MANNITIN1 | Mannitol),4,Pharmacy,357,Injection,0.1,40,,10,36.04,,1/3/2025,yes,TRUE
MANUAL HAND EDGER (NA | MANUAL HAND EDGER) (791 | MANUAL HAND EDGER (NA | MANUAL HAND EDGER)),791,MANUAL HAND EDGER (NA | MANUAL HAND EDGER),9,Non-Drug Consumables,791,,,0,,0,,,,no,TRUE
MANUAL LENS METER ( NJC-6A ) (NA | MANUAL LENS METER ( NJC-6A )) (792 | MANUAL LENS METER ( NJC-6A ) (NA | MANUAL LENS METER ( NJC-6A ))),792,MANUAL LENS METER ( NJC-6A ) (NA | MANUAL LENS METER ( NJC-6A )),9,Non-Drug Consumables,792,,,0,,0,,,,no,TRUE
MATERNAL & CHILD HEALTH RECORD BOOK (NA | MATERNAL HEALTH RECORD BOOK) (902 | MATERNAL & CHILD HEALTH RECORD BOOK (NA | MATERNAL HEALTH RECORD BOOK)),902,MATERNAL & CHILD HEALTH RECORD BOOK (NA | MATERNAL HEALTH RECORD BOOK),10,Stationery,902,,,0,,0,,,,no,TRUE
MATERNITY GLOVES (NA | MATERNITY GLOVES) (793 | MATERNITY GLOVES (NA | MATERNITY GLOVES)),793,MATERNITY GLOVES (NA | MATERNITY GLOVES),9,Non-Drug Consumables,793,,,0,,0,,,,no,TRUE
MATTRESS (NA | MATTRESS) (1037 | MATTRESS (NA | MATTRESS)),1037,MATTRESS (NA | MATTRESS),11,Non-Consumables,1037,,,0,,0,,,,no,TRUE
Mebendazole  (100 mg) (MEBENDTA1 | Mebendazole ),MEBENDTA1,Mebendazole  (100 mg) (MEBENDTA1 | Mebendazole ),4,Pharmacy,360,Tablet,100 mg,0,,0,14.3,,1/3/2025,yes,TRUE
Mebendazole  (MEBENDSU1 | Mebendazole ),MEBENDSU1,Mebendazole  (MEBENDSU1 | Mebendazole ),4,Pharmacy,359,Suspension,100 mg/5 mL,17,,0,44,,1/3/2025,yes,TRUE
Mebendazole Tablet 500mg (MEBENDTA2 | Mebendazole Tablet 500mg),MEBENDTA2,Mebendazole Tablet 500mg,4,Pharmacy,361,Tablet,500 mg,25,,0,23.1,,1/3/2025,yes,TRUE
Mebeverine Tab 135mg (MEBEVETA1 | Mebeverine Tab 135mg),MEBEVETA1,Mebeverine Tab 135mg,4,Pharmacy,362,Tablet,135 mg,8,,0,1.5,,1/3/2025,yes,TRUE
MEDICAL CERTIFICATE OF CAUSE OF DEATH (NA | MEDICAL CERTIFICATE OF CAUSE OF DEATH) (903 | MEDICAL CERTIFICATE OF CAUSE OF DEATH (NA | MEDICAL CERTIFICATE OF CAUSE OF DEATH)),903,MEDICAL CERTIFICATE OF CAUSE OF DEATH (NA | MEDICAL CERTIFICATE OF CAUSE OF DEATH),10,Stationery,903,,,0,,0,,,,no,TRUE
Medroxyprogesterone Acetate (MEDACETA1 | Medroxyprogesterone Acetate),MEDACETA1,Medroxyprogesterone Acetate (MEDACETA1 | Medroxyprogesterone Acetate),4,Pharmacy,363,Tablet,5 mg,0,,0,3.24,,1/2/2023,yes,TRUE
Mefenamic Acid  (500 mg) (MEFACITA1 | Mefenamic Acid ),MEFACITA1,Mefenamic Acid  (500 mg) (MEFACITA1 | Mefenamic Acid ),4,Pharmacy,365,Tablet,500 mg,0,,0,1.29,,1/3/2025,yes,TRUE
Mefenamic Acid  (MEFACICA1 | Mefenamic Acid ),MEFACICA1,Mefenamic Acid  (MEFACICA1 | Mefenamic Acid ),4,Pharmacy,364,Tablet,250 mg,0,,0,2.7,,1/3/2025,yes,TRUE
MENTAT () (M000666 | Mentat),M000666,MENTAT () (M000666 | Mentat),4,Pharmacy,1248,Syrup,,0,,0,,,,no,TRUE
MENTAT (M000665 | Mentat),M000665,MENTAT (M000665 | Mentat),4,Pharmacy,1247,Tablet,,0,,0,,,,no,TRUE
Metformin Tablet 500mg (METFORTA1 | Metformin Tablet 500mg),METFORTA1,Metformin Tablet 500mg,4,Pharmacy,366,Tablet,500 mg,0.2,,0.02,0.15,,1/3/2025,yes,TRUE
METHANOL (NA | METHANOL) (686 | METHANOL (NA | METHANOL)),686,METHANOL (NA | METHANOL),7,Laboratory Consumables,686,,,0,,0,,,,no,TRUE
Methotrexate  (10 mg) (METHOTTA2 | Methotrexate ),METHOTTA2,Methotrexate  (10 mg) (METHOTTA2 | Methotrexate ),4,Pharmacy,369,Tablet,10 mg,0,,0,1.4,,1/2/2023,yes,TRUE
Methotrexate  (2.5 mg) (METHOTTA1 | Methotrexate ),METHOTTA1,Methotrexate  (2.5 mg) (METHOTTA1 | Methotrexate ),4,Pharmacy,370,Tablet,2.5 mg,0,,0,1.98,,1/2/2023,yes,TRUE
Methotrexate  (METHOTIN1 | Methotrexate ),METHOTIN1,Methotrexate  (METHOTIN1 | Methotrexate ),4,Pharmacy,367,Injection,2.5 mg/ mL,0,,0,26.4,,1/2/2023,yes,TRUE
Methotrexate Injection 25mg/2ml (METHOTIN2 | Methotrexate Injection 25mg/2ml),METHOTIN2,Methotrexate Injection 25mg/2ml,4,Pharmacy,368,Injection,25 mg/ mL in 2mL,20,,0,67.24,,1/2/2023,yes,TRUE
"Methyl Cellulose Eye Drops,  (METCELID1 | Methyl Cellulose Eye Drops, )",METCELID1,"Methyl Cellulose Eye Drops,  (METCELID1 | Methyl Cellulose Eye Drops, )",4,Pharmacy,371,Drops,0.003,25,,0,22.55,,1/3/2025,yes,TRUE
METHYLATED SPIRIT (M000677 | METHYLATED SPIRIT),M000677,METHYLATED SPIRIT (M000677 | METHYLATED SPIRIT),4,Pharmacy,1354,Solution,60 ML,6,,0,,,,no,TRUE
Methyldopa Tablet 250mg (METHYLTA1 | Methyldopa Tablet 250mg),METHYLTA1,Methyldopa Tablet 250mg,4,Pharmacy,372,Tablet,250 mg,1.26,,0.5,0.93,,1/3/2025,yes,TRUE
Metoclopramide  (5 mg/5 mL) (METOCLSY1 | Metoclopramide ),METOCLSY1,Metoclopramide  (5 mg/5 mL) (METOCLSY1 | Metoclopramide ),4,Pharmacy,374,Syrup,5 mg/5 mL,0,,0,92.4,,1/3/2025,yes,TRUE
Metoclopramide  (METOCLIN1 | Metoclopramide ),METOCLIN1,Metoclopramide  (METOCLIN1 | Metoclopramide ),4,Pharmacy,373,Injection,5 mg/mL in 2 mL,10,,0,8.8,,1/3/2025,yes,TRUE
Metoclopramide Tablet 10 Mg (METOCLTA1 | Metoclopramide Tablet 10 Mg),METOCLTA1,Metoclopramide Tablet 10 Mg,4,Pharmacy,375,Tablet,10 mg,0.8,,0,0.77,,1/3/2025,yes,TRUE
metoclopriamide 10mg tablet (M000638 | NA),M000638,metoclopriamide 10mg tablet (M000638 | NA),4,Pharmacy,1165,0,,0,,0,,,,no,TRUE
Metolazone  (METOLATA1 | Metolazone ),METOLATA1,Metolazone  (METOLATA1 | Metolazone ),4,Pharmacy,376,Tablet,5 mg,0,,0,4.68,,1/2/2023,yes,TRUE
Metoprolol Tartrate  (METTARTA1 | Metoprolol Tartrate ),METTARTA1,Metoprolol Tartrate  (METTARTA1 | Metoprolol Tartrate ),4,Pharmacy,377,Tablet,100 mg,0,,0,1.85,,1/3/2025,yes,TRUE
Metronidazole  (METRONIN1 | Metronidazole ),METRONIN1,Metronidazole  (METRONIN1 | Metronidazole ),4,Pharmacy,378,Injection,5 mg/mL in 100 mL,10,,0,9.01,,1/3/2025,yes,TRUE
Metronidazole Suspension 200mg/5ml (METRONSU2 | Metronidazole Suspension 200mg/5ml),METRONSU2,Metronidazole Suspension 200mg/5ml,4,Pharmacy,381,Suspension,200 mg/5 mL,13,,0,12.02,,1/3/2025,yes,TRUE
Metronidazole Tablet 200mg (METRONTA1 | Metronidazole Tablet 200mg),METRONTA1,Metronidazole Tablet 200mg,4,Pharmacy,382,Tablet,200 mg,0.2,,0,0.13,,1/3/2025,yes,TRUE
Metronidazole Tablet 400mg (METRONTA2 | Metronidazole Tablet 400mg),METRONTA2,Metronidazole Tablet 400mg,4,Pharmacy,383,Tablet,400 mg,0.3,,0,0.25,,1/3/2025,yes,TRUE
Miconazole  (25 mg/mL) (MICONAOG1 | Miconazole ),MICONAOG1,Miconazole  (25 mg/mL) (MICONAOG1 | Miconazole ),4,Pharmacy,386,Gel,25 mg/mL,40,,0,73.7,,1/3/2025,yes,TRUE
Miconazole + Hydrocortisone  (MICHYDCR1 | Miconazole + Hydrocortisone ),MICHYDCR1,Miconazole + Hydrocortisone  (MICHYDCR1 | Miconazole + Hydrocortisone ),4,Pharmacy,384,Cream,2% + 1%,0,,0,51.87,,1/3/2025,yes,TRUE
Miconazole Cream (MICONACR1 | Miconazole Cream),MICONACR1,Miconazole Cream,4,Pharmacy,385,Cream,0.02,40,,0,38.5,,1/3/2025,yes,TRUE
Miconazole Ovule  (MICONAVP1 | Miconazole Ovule ),MICONAVP1,Miconazole Ovule  (MICONAVP1 | Miconazole Ovule ),4,Pharmacy,387,Pessary,400 mg,8,,0,46.2,,1/3/2025,yes,TRUE
MICRO PIPETTE 100-1000 (NA | NA) (1289 | MICRO PIPETTE 100-1000 (NA | NA)),1289,MICRO PIPETTE 100-1000 (NA | NA),7,Laboratory Consumables,1289,,,0,,0,,,,no,TRUE
MICRO PIPETTE 20-200 (NA | NA) (1288 | MICRO PIPETTE 20-200 (NA | NA)),1288,MICRO PIPETTE 20-200 (NA | NA),7,Laboratory Consumables,1288,,,0,,0,,,,no,TRUE
MICROSCOPE OLYMPUS (NA | MICROSCOPE OLYMPUS) (1038 | MICROSCOPE OLYMPUS (NA | MICROSCOPE OLYMPUS)),1038,MICROSCOPE OLYMPUS (NA | MICROSCOPE OLYMPUS),11,Non-Consumables,1038,,,0,,0,,,,no,TRUE
MICROSCOPE SLIDES (NA | MICROSCOPE SLIDES) (687 | MICROSCOPE SLIDES (NA | MICROSCOPE SLIDES)),687,MICROSCOPE SLIDES (NA | MICROSCOPE SLIDES),7,Laboratory Consumables,687,,,0,,0,,,,no,TRUE
Midazolam  (15 mg) (MIDAZOTA1 | Midazolam ),MIDAZOTA1,Midazolam  (15 mg) (MIDAZOTA1 | Midazolam ),4,Pharmacy,389,Tablet,15 mg,0,,0,13.89,,1/3/2025,yes,TRUE
Midazolam Injection 5mg/ml (MIDAZOIN1 | Midazolam Injection 5mg/ml),MIDAZOIN1,Midazolam Injection 5mg/ml,4,Pharmacy,388,Injection,5 mg/5mL,65,,20,70.13,,1/3/2025,yes,TRUE
MISOPROSTOL(CYTOTEC) VAGINAL  (M000576 | MISOPROSTOL(CYTOTEC) VAGINAL ) (574 | MISOPROSTOL(CYTOTEC) VAGINAL  (M000576 | MISOPROSTOL(CYTOTEC) VAGINAL )),574,MISOPROSTOL(CYTOTEC) VAGINAL  (M000576 | MISOPROSTOL(CYTOTEC) VAGINAL ),4,Pharmacy,574,Tablet,200MCG,8.25,,0,,,,no,TRUE
MOB BUCKET (NA | MOB BUCKET) (904 | MOB BUCKET (NA | MOB BUCKET)),904,MOB BUCKET (NA | MOB BUCKET),10,Stationery,904,,,0,,0,,,,no,TRUE
MOBILE DISPENSER WITH STAND (NA | MOBILE DISPENSER WITH STAND) (1039 | MOBILE DISPENSER WITH STAND (NA | MOBILE DISPENSER WITH STAND)),1039,MOBILE DISPENSER WITH STAND (NA | MOBILE DISPENSER WITH STAND),11,Non-Consumables,1039,,,0,,0,,,,no,TRUE
MOBILE PHONE (NA | NA) (1240 | MOBILE PHONE (NA | NA)),1240,MOBILE PHONE (NA | NA),9,Non-Drug Consumables,1240,,,0,,0,,,,no,TRUE
MOBILE PHONE (NA | NA) (1339 | MOBILE PHONE (NA | NA)),1339,MOBILE PHONE (NA | NA),11,Non-Consumables,1339,,,0,,0,,,,no,TRUE
MONTHLY MICROBIOLOGY RETURNS DATA FORM (NA | MONTHLY MICROBIOLOGY RETURNS DATA FORM) (905 | MONTHLY MICROBIOLOGY RETURNS DATA FORM (NA | MONTHLY MICROBIOLOGY RETURNS DATA FORM)),905,MONTHLY MICROBIOLOGY RETURNS DATA FORM (NA | MONTHLY MICROBIOLOGY RETURNS DATA FORM),10,Stationery,905,,,0,,0,,,,no,TRUE
MONTHLY MIDWIVES RETURNS FORM (NA | MONTHLY MIDWIVES RETURNS FORM) (906 | MONTHLY MIDWIVES RETURNS FORM (NA | MONTHLY MIDWIVES RETURNS FORM)),906,MONTHLY MIDWIVES RETURNS FORM (NA | MONTHLY MIDWIVES RETURNS FORM),10,Stationery,906,,,0,,0,,,,no,TRUE
MONTHLY RETURNS ON SURGICAL OPERATIONS (NA | MONTHLY RETURNS ON SURGICAL OPERATIONS) (907 | MONTHLY RETURNS ON SURGICAL OPERATIONS (NA | MONTHLY RETURNS ON SURGICAL OPERATIONS)),907,MONTHLY RETURNS ON SURGICAL OPERATIONS (NA | MONTHLY RETURNS ON SURGICAL OPERATIONS),10,Stationery,907,,,0,,0,,,,no,TRUE
Morphine Injection 10mg/ml (MORPHIIN1 | Morphine Injection 10mg/ml),MORPHIIN1,Morphine Injection 10mg/ml,4,Pharmacy,390,Injection,10 mg/mL,43,,20,21.97,,1/3/2025,yes,TRUE
Morphine Sulphate  (30 mg SR) (MORSULTA2 | Morphine Sulphate ),MORSULTA2,Morphine Sulphate  (30 mg SR) (MORSULTA2 | Morphine Sulphate ),4,Pharmacy,393,Tablet,30 mg SR,0,,0,8.83,,1/3/2025,yes,TRUE
Morphine Sulphate  (MORSULTA1 | Morphine Sulphate ),MORSULTA1,Morphine Sulphate  (MORSULTA1 | Morphine Sulphate ),4,Pharmacy,392,Tablet,10 mg SR,0,,0,5.61,,1/3/2025,yes,TRUE
MORTUARY REQUEST & ASSESMENT FORM (NA | MORTUARY REQUEST & ASSESMENT FORM) (908 | MORTUARY REQUEST & ASSESMENT FORM (NA | MORTUARY REQUEST & ASSESMENT FORM)),908,MORTUARY REQUEST & ASSESMENT FORM (NA | MORTUARY REQUEST & ASSESMENT FORM),10,Stationery,908,,,0,,0,,,,no,TRUE
MOSQUITO NET (NA | NA) (1237 | MOSQUITO NET (NA | NA)),1237,MOSQUITO NET (NA | NA),9,Non-Drug Consumables,1237,,,0,,0,,,,no,TRUE
MOSQUITO SPRAY (NA | MOSQUITO SPRAY) (794 | MOSQUITO SPRAY (NA | MOSQUITO SPRAY)),794,MOSQUITO SPRAY (NA | MOSQUITO SPRAY),9,Non-Drug Consumables,794,,,0,,0,,,,no,TRUE
MOTHER MONITERING CHART (NA | MOTHER MONITERING CHART) (909 | MOTHER MONITERING CHART (NA | MOTHER MONITERING CHART)),909,MOTHER MONITERING CHART (NA | MOTHER MONITERING CHART),10,Stationery,909,,,0,,0,,,,no,TRUE
MUAC TAPES (NA | NA) (1282 | MUAC TAPES (NA | NA)),1282,MUAC TAPES (NA | NA),9,Non-Drug Consumables,1282,,,0,,0,,,,no,TRUE
MULTIVITAMIN + MINERALS (M000577 | MULTIVITAMIN + MINERALS),M000577,MULTIVITAMIN + MINERALS (M000577 | MULTIVITAMIN + MINERALS),4,Pharmacy,575,Tablet,,1,,0,,,,no,TRUE
Multivitamin Drops (MULTIVDR1 | Multivitamin Drops),MULTIVDR1,Multivitamin Drops (MULTIVDR1 | Multivitamin Drops),4,Pharmacy,394,Drops,,0,,0,24.2,,1/3/2025,yes,TRUE
Multivitamin Syrup (MULTIVSY1 | Multivitamin Syrup),MULTIVSY1,Multivitamin Syrup,4,Pharmacy,395,Syrup,,9,,1,8.1,,1/3/2025,yes,TRUE
Multivitamin Tablet (MULTIVTA1 | Multivitamin Tablet),MULTIVTA1,Multivitamin Tablet (MULTIVTA1 | Multivitamin Tablet),4,Pharmacy,1319,Tablet,,0.08,,0,,,,no,TRUE
MVA KITS (NA | MVA KITS) (1041 | MVA KITS (NA | MVA KITS)),1041,MVA KITS (NA | MVA KITS),11,Non-Consumables,1041,,,0,,0,,,,no,TRUE
Naloxone Injection 400mcg/ml (NALOXOIN1 | Naloxone Injection 400mcg/ml),NALOXOIN1,Naloxone Injection 400mcg/ml,4,Pharmacy,397,Injection,400 microgram/mL in 1mL,55,,20,28.55,,1/3/2025,yes,TRUE
NAME TAG VARIOUS (NA | NAME TAG VARIOUS) (1042 | NAME TAG VARIOUS (NA | NAME TAG VARIOUS)),1042,NAME TAG VARIOUS (NA | NAME TAG VARIOUS),11,Non-Consumables,1042,,,0,,0,,,,no,TRUE
NASAL PRONG  L (NA | NASAL PRONG  L) (795 | NASAL PRONG  L (NA | NASAL PRONG  L)),795,NASAL PRONG  L (NA | NASAL PRONG  L),9,Non-Drug Consumables,795,,,0,,0,,,,no,TRUE
NASAL PRONG  M (NA | NASAL PRONG  M) (796 | NASAL PRONG  M (NA | NASAL PRONG  M)),796,NASAL PRONG  M (NA | NASAL PRONG  M),9,Non-Drug Consumables,796,,,0,,0,,,,no,TRUE
NASAL PRONG INFANT (NA | NASAL PRONG INFANT) (797 | NASAL PRONG INFANT (NA | NASAL PRONG INFANT)),797,NASAL PRONG INFANT (NA | NASAL PRONG INFANT),9,Non-Drug Consumables,797,,,0,,0,,,,no,TRUE
NASAL PRONGS NEONATAL (NA | NA) (1375 | NASAL PRONGS NEONATAL (NA | NA)),1375,NASAL PRONGS NEONATAL (NA | NA),9,Non-Drug Consumables,1375,,,0,,0,,,,no,TRUE
NEBULIZER KITS (NA | NA) (1371 | NEBULIZER KITS (NA | NA)),1371,NEBULIZER KITS (NA | NA),9,Non-Drug Consumables,1371,,,0,,0,,,,no,TRUE
NEBULIZER MACHINE (NA | NEBULIZER MACHINE) (1043 | NEBULIZER MACHINE (NA | NEBULIZER MACHINE)),1043,NEBULIZER MACHINE (NA | NEBULIZER MACHINE),11,Non-Consumables,1043,,,0,,0,,,,no,TRUE
NEBULIZER MASK LARGE (NA | NA) (1373 | NEBULIZER MASK LARGE (NA | NA)),1373,NEBULIZER MASK LARGE (NA | NA),9,Non-Drug Consumables,1373,,,0,,0,,,,no,TRUE
NEBULIZER MASK MEDIUM (NA | NA) (1372 | NEBULIZER MASK MEDIUM (NA | NA)),1372,NEBULIZER MASK MEDIUM (NA | NA),9,Non-Drug Consumables,1372,,,0,,0,,,,no,TRUE
NEEDLE HOLDER #6 (NA | NEEDLE HOLDER #6) (1044 | NEEDLE HOLDER #6 (NA | NEEDLE HOLDER #6)),1044,NEEDLE HOLDER #6 (NA | NEEDLE HOLDER #6),11,Non-Consumables,1044,,,0,,0,,,,no,TRUE
NEOHYCOLEX EYE/EAR/NOSE  (M000578 | NEOHYCOLEX EYE/EAR/NOSE ),M000578,NEOHYCOLEX EYE/EAR/NOSE  (M000578 | NEOHYCOLEX EYE/EAR/NOSE ),4,Pharmacy,576,0,25UNITS,47,,0,,,,no,TRUE
Neomycin (NEOMYCTA1 | Neomycin),NEOMYCTA1,Neomycin (NEOMYCTA1 | Neomycin),4,Pharmacy,398,Tablet,500 mg,0,,0,55,,1/3/2025,yes,TRUE
Neostigmine Bromide  (NEOBROTA1 | Neostigmine Bromide ),NEOBROTA1,Neostigmine Bromide  (NEOBROTA1 | Neostigmine Bromide ),4,Pharmacy,399,Tablet,15 mg,0,,0,5.88,,1/2/2023,yes,TRUE
Neostigmine Injection 2.5mg (NEOSTIIN1 | Neostigmine Injection 2.5mg),NEOSTIIN1,Neostigmine Injection 2.5mg,4,Pharmacy,400,Injection,2.5 mg/mL,30,,5,27.5,,1/3/2025,yes,TRUE
NEW BORN EXAMINATION FORM (NA | NA) (1385 | NEW BORN EXAMINATION FORM (NA | NA)),1385,NEW BORN EXAMINATION FORM (NA | NA),10,Stationery,1385,,,0,,0,,,,no,TRUE
Nifedipine (30 mg GITS) (NIFEDITA3 | Nifedipine ) (Tablet) (Tablet),NIFEDITA3,Nifedipine (30 mg GITS) (NIFEDITA3 | Nifedipine ) (Tablet) (Tablet),4,Pharmacy,404,Tablet,30 mg GITS,0.4,,0,0.3,,1/3/2025,yes,TRUE
nifedipine 20mg (NA | NA) (1314 | nifedipine 20mg (NA | NA)),1314,nifedipine 20mg (NA | NA),4,Pharmacy,1314,0,,0,,0,,,,no,TRUE
Nifedipine Tablet 20mg (NIFEDITA2 | Nifedipine Tablet 20mg),NIFEDITA2,Nifedipine Tablet 20mg,4,Pharmacy,403,Tablet,20 mg SR,0.18,,0,0.2,,1/3/2025,yes,TRUE
Nifedipine Tablet 30mg (GITS | Nifedipine Tablet 30mg),GITS,Nifedipine Tablet 30mg,,Pharmacy,,Tablet,30 mg,0.5,,0.1,0.3,,1/3/2025,yes,TRUE
Nitrofurantoin  (NITROFTA1 | Nitrofurantoin ),NITROFTA1,Nitrofurantoin  (NITROFTA1 | Nitrofurantoin ),4,Pharmacy,405,Tablet,100 mg,0,,0,4.18,,1/3/2025,yes,TRUE
NIVEA CREAM (NA | NIVEA CREAM) (1045 | NIVEA CREAM (NA | NIVEA CREAM)),1045,NIVEA CREAM (NA | NIVEA CREAM),11,Non-Consumables,1045,,,0,,0,,,,no,TRUE
Norethisterone  (NORETHTA1 | Norethisterone ),NORETHTA1,Norethisterone  (NORETHTA1 | Norethisterone ),4,Pharmacy,406,Tablet,5 mg,0,,0,1.56,,1/2/2023,yes,TRUE
Nostamine Eye/Nose Drops (M000658 | NA),M000658,Nostamine Eye/Nose Drops (M000658 | NA),4,Pharmacy,1186,0,,44,,0,,,,no,TRUE
NULL (NULL | NULL),NULL,NULL,4,Pharmacy,240,Capsule,40 mg,0,,0,3.4,,1/3/2025,no,TRUE
NURSES CAP(DISP) (NA | NURSES CAP(DISP)) (602 | NURSES CAP(DISP) (NA | NURSES CAP(DISP))),602,NURSES CAP(DISP) (NA | NURSES CAP(DISP)),5,Consumables,602,,,0.3,,0,,,,no,TRUE
NURSES NOTE (NA | NURSES NOTE) (910 | NURSES NOTE (NA | NURSES NOTE)),910,NURSES NOTE (NA | NURSES NOTE),10,Stationery,910,,,0,,0,,,,no,TRUE
NURSES TREATMENT SHEET (NA | NA) (1384 | NURSES TREATMENT SHEET (NA | NA)),1384,NURSES TREATMENT SHEET (NA | NA),10,Stationery,1384,,,0,,0,,,,no,TRUE
NURSING AND MIDWIFERY WARD AUDIT TOOL (NA | NURSING AND MIDWIFERY WARD AUDIT TOOL) (911 | NURSING AND MIDWIFERY WARD AUDIT TOOL (NA | NURSING AND MIDWIFERY WARD AUDIT TOOL)),911,NURSING AND MIDWIFERY WARD AUDIT TOOL (NA | NURSING AND MIDWIFERY WARD AUDIT TOOL),10,Stationery,911,,,0,,0,,,,no,TRUE
NYLON 1 (NA | NA) (1123 | NYLON 1 (NA | NA)),1123,NYLON 1 (NA | NA),5,Consumables,1123,,,0,,0,,,,no,TRUE
"Nystatin  (100,000 IU/mL) (NYSTATSU1 | Nystatin )",NYSTATSU1,"Nystatin  (100,000 IU/mL) (NYSTATSU1 | Nystatin )",4,Pharmacy,409,Suspension,"100,000 IU/mL",0,,0,71.17,,1/3/2025,yes,TRUE
"Nystatin  (500,000 IU) (NYSTATTA2 | Nystatin )",NYSTATTA2,"Nystatin  (500,000 IU) (NYSTATTA2 | Nystatin )",4,Pharmacy,410,Tablet,"500,000 IU",0,,0,36.14,,1/3/2025,yes,TRUE
Nystatin  (NYSTATOI1 | Nystatin ),NYSTATOI1,Nystatin  (NYSTATOI1 | Nystatin ),4,Pharmacy,407,Ointment,"100,000 IU",0,,0,25.74,,1/3/2025,yes,TRUE
"Nystatin (100,000 IU) (NYSTATTA1 | Nystatin)",NYSTATTA1,"Nystatin (100,000 IU) (NYSTATTA1 | Nystatin)",4,Pharmacy,408,Pessary,"100,000 IU",0,,0,52.71,,1/3/2025,yes,TRUE
OBSERVATION CHART (NA | OBSERVATION CHART) (912 | OBSERVATION CHART (NA | OBSERVATION CHART)),912,OBSERVATION CHART (NA | OBSERVATION CHART),10,Stationery,912,,,0,,0,,,,no,TRUE
OBSTETRIC ADMISSION FORM (NEW BORN) (NA | OBSTETRIC ADMISSION FORM (NEW BORN)) (913 | OBSTETRIC ADMISSION FORM (NEW BORN) (NA | OBSTETRIC ADMISSION FORM (NEW BORN))),913,OBSTETRIC ADMISSION FORM (NEW BORN) (NA | OBSTETRIC ADMISSION FORM (NEW BORN)),10,Stationery,913,,,0,,0,,,,no,TRUE
OBSTETRICS ADMISSION FORM 1 & 2 (NA | OBSTETRICS ADMISSION FORM 1 & 2) (914 | OBSTETRICS ADMISSION FORM 1 & 2 (NA | OBSTETRICS ADMISSION FORM 1 & 2)),914,OBSTETRICS ADMISSION FORM 1 & 2 (NA | OBSTETRICS ADMISSION FORM 1 & 2),10,Stationery,914,,,0,,0,,,,no,TRUE
OFFICE CABINET (NA | OFFICE CABINET) (798 | OFFICE CABINET (NA | OFFICE CABINET)),798,OFFICE CABINET (NA | OFFICE CABINET),9,Non-Drug Consumables,798,,,0,,0,,,,no,TRUE
OFFICE CHAIR (NA | OFFICE CHAIR) (1046 | OFFICE CHAIR (NA | OFFICE CHAIR)),1046,OFFICE CHAIR (NA | OFFICE CHAIR),11,Non-Consumables,1046,,,0,,0,,,,no,TRUE
OFFICE TABLES VARIOUS (NA | OFFICE TABLES VARIOUS) (1047 | OFFICE TABLES VARIOUS (NA | OFFICE TABLES VARIOUS)),1047,OFFICE TABLES VARIOUS (NA | OFFICE TABLES VARIOUS),11,Non-Consumables,1047,,,0,,0,,,,no,TRUE
OFFICE TRAY (NA | OFFICE TRAY) (915 | OFFICE TRAY (NA | OFFICE TRAY)),915,OFFICE TRAY (NA | OFFICE TRAY),10,Stationery,915,,,0,,0,,,,no,TRUE
OIL IMMERSION (NA | OIL IMMERSION) (658 | OIL IMMERSION (NA | OIL IMMERSION)),658,OIL IMMERSION (NA | OIL IMMERSION),7,Laboratory Consumables,658,,,0,,0,,,,no,TRUE
Olanzapine  (M000664 | Olanzapine),M000664,Olanzapine  (M000664 | Olanzapine),4,Pharmacy,1246,Tablet,5mg,0,,0,,,,no,TRUE
OLANZAPINE (1 BLISTER PACK) (M000579 | OLANZAPINE (1 BLISTER PACK)) (577 | OLANZAPINE (1 BLISTER PACK) (M000579 | OLANZAPINE (1 BLISTER PACK))),577,OLANZAPINE (1 BLISTER PACK) (M000579 | OLANZAPINE (1 BLISTER PACK)),4,Pharmacy,577,Tablet,10MG,0,,0,,,,no,TRUE
OLOPATADINE EYE  (M000580 | OLOPATADINE EYE ),M000580,OLOPATADINE EYE  (M000580 | OLOPATADINE EYE ),4,Pharmacy,578,0,0.01 in 10ML,21,,0,,,,no,TRUE
Omeprazole  (OMEPRATA1 | Omeprazole ),OMEPRATA1,Omeprazole  (OMEPRATA1 | Omeprazole ),4,Pharmacy,412,Tablet,20 mg,0.5,,0,0.23,,1/3/2025,yes,TRUE
Omeprazole Capsule 20mg (OMEPRATA1 | Omeprazole Capsule 20mg),OMEPRATA1,Omeprazole Capsule 20mg,4,Pharmacy,239,Capsule,20 mg,0,,0,1.98,,1/3/2025,yes,TRUE
Omeprazole Injection 40mg (OMEPRAIN2 | Omeprazole Injection 40mg),OMEPRAIN2,Omeprazole Injection 40mg,4,Pharmacy,411,Injection,40 mg,25,,0,19.8,,1/3/2025,yes,TRUE
Ondansetrone  (ONDANSTA1 | Ondansetrone ),ONDANSTA1,Ondansetrone  (ONDANSTA1 | Ondansetrone ),4,Pharmacy,413,Tablet,4 mg,0,,0,4.62,,1/2/2023,yes,TRUE
OPD NURSING ASSESMENT SHEET (NA | OPD NURSING ASSESMENT SHEET) (916 | OPD NURSING ASSESMENT SHEET (NA | OPD NURSING ASSESMENT SHEET)),916,OPD NURSING ASSESMENT SHEET (NA | OPD NURSING ASSESMENT SHEET),10,Stationery,916,,,0,,0,,,,no,TRUE
OPERATION LAMP (NA | NA) (1327 | OPERATION LAMP (NA | NA)),1327,OPERATION LAMP (NA | NA),11,Non-Consumables,1327,,,0,,0,,,,no,TRUE
OPHTHALMOSCOPE BULB (NA | OPHTHALMOSCOPE BULB) (1048 | OPHTHALMOSCOPE BULB (NA | OPHTHALMOSCOPE BULB)),1048,OPHTHALMOSCOPE BULB (NA | OPHTHALMOSCOPE BULB),11,Non-Consumables,1048,,,0,,0,,,,no,TRUE
ORAL QUICK (NA | ORAL QUICK) (1049 | ORAL QUICK (NA | ORAL QUICK)),1049,ORAL QUICK (NA | ORAL QUICK),11,Non-Consumables,1049,,,0,,0,,,,no,TRUE
Oral Rehydration Salt (ORRESAPO1 | Oral Rehydration Salt),ORRESAPO1,Oral Rehydration Salt,4,Pharmacy,414,Powder,,2,,0.5,1.47,,1/3/2025,yes,TRUE
ORIGINAL DESIGNER FRAMES (NA | ORIGINAL DESIGNER FRAMES) (1050 | ORIGINAL DESIGNER FRAMES (NA | ORIGINAL DESIGNER FRAMES)),1050,ORIGINAL DESIGNER FRAMES (NA | ORIGINAL DESIGNER FRAMES),11,Non-Consumables,1050,,,0,,0,,,,no,TRUE
OTOSCOPE (NA | OTOSCOPE) (799 | OTOSCOPE (NA | OTOSCOPE)),799,OTOSCOPE (NA | OTOSCOPE),9,Non-Drug Consumables,799,,,0,,0,,,,no,TRUE
OUT PATIENT DEPARTMENT NURSING AUDIT TOOL (NA | OUT PATIENT DEPARTMENT NURSING AUDIT TOOL) (917 | OUT PATIENT DEPARTMENT NURSING AUDIT TOOL (NA | OUT PATIENT DEPARTMENT NURSING AUDIT TOOL)),917,OUT PATIENT DEPARTMENT NURSING AUDIT TOOL (NA | OUT PATIENT DEPARTMENT NURSING AUDIT TOOL),10,Stationery,917,,,0,,0,,,,no,TRUE
OXYGEN CONCENTRATOR (NA | OXYGEN CONCENTRATOR) (1051 | OXYGEN CONCENTRATOR (NA | OXYGEN CONCENTRATOR)),1051,OXYGEN CONCENTRATOR (NA | OXYGEN CONCENTRATOR),11,Non-Consumables,1051,,,0,,0,,,,no,TRUE
OXYGEN CONNECTING TUBE (NA | NA) (1280 | OXYGEN CONNECTING TUBE (NA | NA)),1280,OXYGEN CONNECTING TUBE (NA | NA),9,Non-Drug Consumables,1280,,,0,,0,,,,no,TRUE
OXYGEN CYLINDER 1.5KG (NA | NA) (1333 | OXYGEN CYLINDER 1.5KG (NA | NA)),1333,OXYGEN CYLINDER 1.5KG (NA | NA),9,Non-Drug Consumables,1333,,,0,,0,,,,no,TRUE
OXYGEN CYLINDER 2.0KG (NA | NA) (1318 | OXYGEN CYLINDER 2.0KG (NA | NA)),1318,OXYGEN CYLINDER 2.0KG (NA | NA),9,Non-Drug Consumables,1318,,,0,,0,,,,no,TRUE
OXYGEN CYLINDER 3.0KG (NA | NA) (1265 | OXYGEN CYLINDER 3.0KG (NA | NA)),1265,OXYGEN CYLINDER 3.0KG (NA | NA),9,Non-Drug Consumables,1265,,,0,,0,,,,no,TRUE
OXYGEN CYLINDER 4.0KG (NA | NA) (1261 | OXYGEN CYLINDER 4.0KG (NA | NA)),1261,OXYGEN CYLINDER 4.0KG (NA | NA),9,Non-Drug Consumables,1261,,,0,,0,,,,no,TRUE
OXYGEN CYLINDER 4.5KG (NA | NA) (1262 | OXYGEN CYLINDER 4.5KG (NA | NA)),1262,OXYGEN CYLINDER 4.5KG (NA | NA),9,Non-Drug Consumables,1262,,,0,,0,,,,no,TRUE
OXYGEN CYLINDER 6.0KG (NA | NA) (1263 | OXYGEN CYLINDER 6.0KG (NA | NA)),1263,OXYGEN CYLINDER 6.0KG (NA | NA),9,Non-Drug Consumables,1263,,,0,,0,,,,no,TRUE
OXYGEN CYLINDER 6.5KG (NA | NA) (1264 | OXYGEN CYLINDER 6.5KG (NA | NA)),1264,OXYGEN CYLINDER 6.5KG (NA | NA),9,Non-Drug Consumables,1264,,,0,,0,,,,no,TRUE
OXYGEN CYLINDER 7.0KG (NA | NA) (1266 | OXYGEN CYLINDER 7.0KG (NA | NA)),1266,OXYGEN CYLINDER 7.0KG (NA | NA),9,Non-Drug Consumables,1266,,,0,,0,,,,no,TRUE
OXYGEN CYLINDER 7.5KG (NA | NA) (1267 | OXYGEN CYLINDER 7.5KG (NA | NA)),1267,OXYGEN CYLINDER 7.5KG (NA | NA),9,Non-Drug Consumables,1267,,,0,,0,,,,no,TRUE
OXYGEN CYLINDER VARIOUS (NA | OXYGEN CYLINDER VARIOUS) (1056 | OXYGEN CYLINDER VARIOUS (NA | OXYGEN CYLINDER VARIOUS)),1056,OXYGEN CYLINDER VARIOUS (NA | OXYGEN CYLINDER VARIOUS),11,Non-Consumables,1056,,,0,,0,,,,no,TRUE
OXYGEN CYLINDERS (NA | OXYGEN CYLINDERS) (800 | OXYGEN CYLINDERS (NA | OXYGEN CYLINDERS)),800,OXYGEN CYLINDERS (NA | OXYGEN CYLINDERS),9,Non-Drug Consumables,800,,,0,,0,,,,no,TRUE
OXYGEN FLOWMETER (NA | OXYGEN FLOWMETER) (801 | OXYGEN FLOWMETER (NA | OXYGEN FLOWMETER)),801,OXYGEN FLOWMETER (NA | OXYGEN FLOWMETER),9,Non-Drug Consumables,801,,,0,,0,,,,no,TRUE
OXYGEN MASK (NA | OXYGEN MASK) (688 | OXYGEN MASK (NA | OXYGEN MASK)),688,OXYGEN MASK (NA | OXYGEN MASK),7,Laboratory Consumables,688,,,0,,0,,,,no,TRUE
Oxytocin Injection 10 Units/ml (OXYTOCIN2 | Oxytocin Injection 10 Units/ml),OXYTOCIN2,Oxytocin Injection 10 Units/ml,4,Pharmacy,415,Injection,10 units/mL,12,,5,10.19,,1/3/2025,yes,TRUE
Oxytocin Injection 5 Units/ml (OXYTOCIN1 | Oxytocin Injection 5 Units/ml),OXYTOCIN1,Oxytocin Injection 5 Units/ml,4,Pharmacy,416,Injection,5 units/mL,18,,0,16.47,,1/3/2025,yes,TRUE
PACK OF CLOTH (NA | NA) (1275 | PACK OF CLOTH (NA | NA)),1275,PACK OF CLOTH (NA | NA),11,Non-Consumables,1275,,,0,,0,,,,no,TRUE
Paclitaxel (PACLITIN1 | Paclitaxel),PACLITIN1,Paclitaxel (PACLITIN1 | Paclitaxel),4,Pharmacy,417,Injection,100 mg/16.7mL,0,,0,338.52,,1/2/2023,yes,TRUE
PADLOCK (NA | NA) (1389 | PADLOCK (NA | NA)),1389,PADLOCK (NA | NA),9,Non-Drug Consumables,1389,,,0,,0,,,,no,TRUE
PAPER CLIPS (NA | PAPER CLIPS) (919 | PAPER CLIPS (NA | PAPER CLIPS)),919,PAPER CLIPS (NA | PAPER CLIPS),10,Stationery,919,,,0,,0,,,,no,TRUE
PAPER ROLL (NA | NA) (1217 | PAPER ROLL (NA | NA)),1217,PAPER ROLL (NA | NA),10,Stationery,1217,,,0,,0,,,,no,TRUE
Paracetamol injection  (M000604 | Paracetamol),M000604,Paracetamol injection  (M000604 | Paracetamol),4,Pharmacy,1102,Injection,1000mg,23,,0,,,,no,TRUE
Paracetamol Suppository 125mg (PARACERE1 | Paracetamol Suppository 125mg),PARACERE1,Paracetamol Suppository 125mg,4,Pharmacy,418,Suppository,125 mg,1.6,,0,1.5,,1/3/2025,yes,TRUE
Paracetamol Suppository 250mg (PARACERE2 | Paracetamol Suppository 250mg),PARACERE2,Paracetamol Suppository 250mg,4,Pharmacy,419,Suppository,250 mg,2.5,,0,2.34,,1/3/2025,yes,TRUE
Paracetamol Syrup (PARACESY1 | Paracetamol Syrup),PARACESY1,Paracetamol Syrup,4,Pharmacy,421,Syrup,120 mg/5 mL,10,,2,8.5,,1/3/2025,yes,TRUE
Paracetamol Tablet 500mg (PARACETA1 | Paracetamol Tablet 500mg),PARACETA1,Paracetamol Tablet 500mg,4,Pharmacy,422,Tablet,500 mg,0.2,,0,0.12,,1/3/2025,yes,TRUE
Paraffin Liquid (PARAFFLI1 | Paraffin Liquid),PARAFFLI1,Paraffin Liquid (PARAFFLI1 | Paraffin Liquid),4,Pharmacy,423,Liquid,,0,,0,25.3,,1/3/2025,yes,TRUE
PARAZONE (RAW MATERIAL) (NA | PARAZONE (RAW MATERIAL)) (1057 | PARAZONE (RAW MATERIAL) (NA | PARAZONE (RAW MATERIAL))),1057,PARAZONE (RAW MATERIAL) (NA | PARAZONE (RAW MATERIAL)),11,Non-Consumables,1057,,,0,,0,,,,no,TRUE
PARAZONE BLEACH (NA | PARAZONE BLEACH) (628 | PARAZONE BLEACH (NA | PARAZONE BLEACH)),628,PARAZONE BLEACH (NA | PARAZONE BLEACH),5,Consumables,628,,,22.5,,0,,,,no,TRUE
PARTOGRAPH SHEETS (NA | PARTOGRAPH SHEETS) (920 | PARTOGRAPH SHEETS (NA | PARTOGRAPH SHEETS)),920,PARTOGRAPH SHEETS (NA | PARTOGRAPH SHEETS),10,Stationery,920,,,0,,0,,,,no,TRUE
PASTEUR PIPETTE (NA | NA) (1255 | PASTEUR PIPETTE (NA | NA)),1255,PASTEUR PIPETTE (NA | NA),7,Laboratory Consumables,1255,,,0,,0,,,,no,TRUE
PATIENT BILL (NA | PATIENT BILL) (921 | PATIENT BILL (NA | PATIENT BILL)),921,PATIENT BILL (NA | PATIENT BILL),10,Stationery,921,,,0,,0,,,,no,TRUE
PATIENT MONITOR (NA | NA) (1115 | PATIENT MONITOR (NA | NA)),1115,PATIENT MONITOR (NA | NA),11,Non-Consumables,1115,,,0,,0,,,,no,TRUE
PATIENT ROLLER (NA | NA) (1336 | PATIENT ROLLER (NA | NA)),1336,PATIENT ROLLER (NA | NA),9,Non-Drug Consumables,1336,,,0,,0,,,,no,TRUE
PATIENT TROLLY (NA | NA) (1360 | PATIENT TROLLY (NA | NA)),1360,PATIENT TROLLY (NA | NA),9,Non-Drug Consumables,1360,,,0,,0,,,,no,TRUE
PAYMENT VOUCHER (NA | PAYMENT VOUCHER) (922 | PAYMENT VOUCHER (NA | PAYMENT VOUCHER)),922,PAYMENT VOUCHER (NA | PAYMENT VOUCHER),10,Stationery,922,,,0,,0,,,,no,TRUE
PEDIATRIC ADMISSION FORM 1 & 2 (NA | PEDIATRIC ADMISSION FORM 1 & 2) (923 | PEDIATRIC ADMISSION FORM 1 & 2 (NA | PEDIATRIC ADMISSION FORM 1 & 2)),923,PEDIATRIC ADMISSION FORM 1 & 2 (NA | PEDIATRIC ADMISSION FORM 1 & 2),10,Stationery,923,,,0,,0,,,,no,TRUE
PEDIATRIC ADMISSION FORM 3 (NA | PEDIATRIC ADMISSION FORM 3) (924 | PEDIATRIC ADMISSION FORM 3 (NA | PEDIATRIC ADMISSION FORM 3)),924,PEDIATRIC ADMISSION FORM 3 (NA | PEDIATRIC ADMISSION FORM 3),10,Stationery,924,,,0,,0,,,,no,TRUE
PEGS (NA | PEGS) (925 | PEGS (NA | PEGS)),925,PEGS (NA | PEGS),10,Stationery,925,,,0,,0,,,,no,TRUE
PEN LIGHT (NA | PEN LIGHT) (803 | PEN LIGHT (NA | PEN LIGHT)),803,PEN LIGHT (NA | PEN LIGHT),9,Non-Drug Consumables,803,,,0,,0,,,,no,TRUE
PENCIL (NA | PENCIL) (852 | PENCIL (NA | PENCIL)),852,PENCIL (NA | PENCIL),10,Stationery,852,,,0,,0,,,,no,TRUE
PENGUIN SUCTION (NA | PENGUIN SUCTION) (804 | PENGUIN SUCTION (NA | PENGUIN SUCTION)),804,PENGUIN SUCTION (NA | PENGUIN SUCTION),9,Non-Drug Consumables,804,,,0,,0,,,,no,TRUE
PERFORATOR (NA | PERFORATOR) (926 | PERFORATOR (NA | PERFORATOR)),926,PERFORATOR (NA | PERFORATOR),10,Stationery,926,,,0,,0,,,,no,TRUE
PERMANENT MARKER (NA | PERMANENT MARKER) (805 | PERMANENT MARKER (NA | PERMANENT MARKER)),805,PERMANENT MARKER (NA | PERMANENT MARKER),9,Non-Drug Consumables,805,,,0,,0,,,,no,TRUE
Pethidine  (PETHIDIN1 | Pethidine ),PETHIDIN1,Pethidine  (PETHIDIN1 | Pethidine ),4,Pharmacy,424,Injection,50 mg/mL in 2 mL,45,,10,39.56,,1/3/2025,yes,TRUE
PHARMACY CARRIER BAG L/S (M000612 | NA),M000612,PHARMACY CARRIER BAG L/S (M000612 | NA),4,Pharmacy,1138,0,,0,,0,,,,no,TRUE
PHARMACY CARRIER BAG M/S (M000611 | NA),M000611,PHARMACY CARRIER BAG M/S (M000611 | NA),4,Pharmacy,1137,0,,0,,0,,,,no,TRUE
PHARMACY CARRIER BAG S/S (M000610 | NA),M000610,PHARMACY CARRIER BAG S/S (M000610 | NA),4,Pharmacy,1136,0,,0,,0,,,,no,TRUE
PHARMACY EXAMINATION GLOVES (NA | NA) (1259 | PHARMACY EXAMINATION GLOVES (NA | NA)),1259,PHARMACY EXAMINATION GLOVES (NA | NA),5,Consumables,1259,,,1,,0,,,,no,TRUE
PHARMACY INFUSION GIVING SET (NA | NA) (1260 | PHARMACY INFUSION GIVING SET (NA | NA)),1260,PHARMACY INFUSION GIVING SET (NA | NA),5,Consumables,1260,,,5,,0,,,,no,TRUE
Phenobarbital Injection 200 Mg/ml (PHENOBIN1 | Phenobarbital Injection 200 Mg/ml),PHENOBIN1,Phenobarbital Injection 200 Mg/ml,4,Pharmacy,426,Injection,200 mg/mL,44,,12,34.58,,1/3/2025,yes,TRUE
Phenobarbital Tablet 30mg (PHENOBTA1 | Phenobarbital Tablet 30mg),PHENOBTA1,Phenobarbital Tablet 30mg,4,Pharmacy,427,Tablet,30 mg,0.3,,0,0.22,,1/3/2025,yes,TRUE
Phenobarbital Tablet 60mg (PHENOBTA2 | Phenobarbital Tablet 60mg),PHENOBTA2,Phenobarbital Tablet 60mg,4,Pharmacy,428,Tablet,60 mg,0.4,,0,0.33,,1/3/2025,yes,TRUE
Phenol  (PHENOLIN1 | Phenol ),PHENOLIN1,Phenol  (PHENOLIN1 | Phenol ),4,Pharmacy,429,Injection,0.05,0,,0,6.29,,1/2/2023,yes,TRUE
Phenoxymethyl Penicillin   (PHEPENTA1 | Phenoxymethyl Penicillin  ),PHEPENTA1,Phenoxymethyl Penicillin   (PHEPENTA1 | Phenoxymethyl Penicillin  ),4,Pharmacy,430,Tablet,250 mg,0,,0,0.84,,1/3/2025,yes,TRUE
Phenytoin Sodium  (100 mg) (PHENYTTA1 | Phenytoin Sodium ),PHENYTTA1,Phenytoin Sodium  (100 mg) (PHENYTTA1 | Phenytoin Sodium ),4,Pharmacy,433,Tablet,100 mg,0,,0,1.32,,1/3/2025,yes,TRUE
Phenytoin Sodium  (PHENYTCA2 | Phenytoin Sodium ),PHENYTCA2,Phenytoin Sodium  (PHENYTCA2 | Phenytoin Sodium ),4,Pharmacy,432,Capsule,100 mg,0,,0,1.54,,1/3/2025,yes,TRUE
Phenytoin Sodium Injection 50mg/ml (PHENYTIN1 | Phenytoin Sodium Injection 50mg/ml),PHENYTIN1,Phenytoin Sodium Injection 50mg/ml,4,Pharmacy,431,Injection,50 mg/mL in 5 mL,25,,0,46.8,,1/2/2023,yes,TRUE
PHLEBOTOMY PLASTERS (NA | PHLEBOTOMY PLASTERS) (806 | PHLEBOTOMY PLASTERS (NA | PHLEBOTOMY PLASTERS)),806,PHLEBOTOMY PLASTERS (NA | PHLEBOTOMY PLASTERS),9,Non-Drug Consumables,806,,,0,,0,,,,no,TRUE
PHOTOCHROMIC LENS (NA | PHOTOCHROMIC LENS) (807 | PHOTOCHROMIC LENS (NA | PHOTOCHROMIC LENS)),807,PHOTOCHROMIC LENS (NA | PHOTOCHROMIC LENS),9,Non-Drug Consumables,807,,,250,,0,,,,no,TRUE
PHOTOCOPIER MACHINE (NA | NA) (1349 | PHOTOCOPIER MACHINE (NA | NA)),1349,PHOTOCOPIER MACHINE (NA | NA),12,Electricals,1349,,,0,,0,,,,no,TRUE
PHOTOTHERAPY LAMP (NA | NA) (1358 | PHOTOTHERAPY LAMP (NA | NA)),1358,PHOTOTHERAPY LAMP (NA | NA),12,Electricals,1358,,,0,,0,,,,no,TRUE
Phytomenadione  (10 mg/mL) (PHYTOMIN2 | Phytomenadione ),PHYTOMIN2,Phytomenadione  (10 mg/mL) (PHYTOMIN2 | Phytomenadione ),4,Pharmacy,435,Injection,10 mg/mL,0,,0,12.1,,1/3/2025,yes,TRUE
Phytomenadione Injection 1mg/ml (PHYTOMIN1 | Phytomenadione Injection 1mg/ml),PHYTOMIN1,Phytomenadione Injection 1mg/ml,4,Pharmacy,434,Injection,1 mg/mL Paed,15,,8,6.93,,1/3/2025,yes,TRUE
PILLOW (NA | PILLOW) (808 | PILLOW (NA | PILLOW)),808,PILLOW (NA | PILLOW),9,Non-Drug Consumables,808,,,0,,0,,,,no,TRUE
PILLOW CASES (NA | PILLOW CASES) (1058 | PILLOW CASES (NA | PILLOW CASES)),1058,PILLOW CASES (NA | PILLOW CASES),11,Non-Consumables,1058,,,0,,0,,,,no,TRUE
Pilocarpine  (0.04) (PILOCAID2 | Pilocarpine ),PILOCAID2,Pilocarpine  (0.04) (PILOCAID2 | Pilocarpine ),4,Pharmacy,437,Drops,0.04,0,,0,19.25,,1/3/2025,yes,TRUE
Pilocarpine (PILOCAID1 | Pilocarpine),PILOCAID1,Pilocarpine (PILOCAID1 | Pilocarpine),4,Pharmacy,436,Drops,0.02,0,,0,35.75,,1/3/2025,yes,TRUE
Pioglitazone  (30 mg) (PIOGLITA2 | Pioglitazone ),PIOGLITA2,Pioglitazone  (30 mg) (PIOGLITA2 | Pioglitazone ),4,Pharmacy,439,Tablet,30 mg,0,,0,0.91,,1/3/2025,yes,TRUE
Pioglitazone  (PIOGLITA1 | Pioglitazone ),PIOGLITA1,Pioglitazone  (PIOGLITA1 | Pioglitazone ),4,Pharmacy,438,Tablet,15 mg,0,,0,0.74,,1/3/2025,yes,TRUE
PIPETTE TIPS (BLUE) (NA | NA) (1256 | PIPETTE TIPS (BLUE) (NA | NA)),1256,PIPETTE TIPS (BLUE) (NA | NA),7,Laboratory Consumables,1256,,,0,,0,,,,no,TRUE
PIPETTE TIPS FILTER CLEAR (NA | NA) (1257 | PIPETTE TIPS FILTER CLEAR (NA | NA)),1257,PIPETTE TIPS FILTER CLEAR (NA | NA),7,Laboratory Consumables,1257,,,0,,0,,,,no,TRUE
PIPETTE TIPS WHITE (NA | NA) (1352 | PIPETTE TIPS WHITE (NA | NA)),1352,PIPETTE TIPS WHITE (NA | NA),7,Laboratory Consumables,1352,,,0,,0,,,,no,TRUE
PIPETTE TIPS YELLOW (NA | PIPETTE TIPS YELLOW) (689 | PIPETTE TIPS YELLOW (NA | PIPETTE TIPS YELLOW)),689,PIPETTE TIPS YELLOW (NA | PIPETTE TIPS YELLOW),7,Laboratory Consumables,689,,,0,,0,,,,no,TRUE
Piracetam  (PIRACETA1 | Piracetam ),PIRACETA1,Piracetam  (PIRACETA1 | Piracetam ),4,Pharmacy,440,Tablet,800 mg,0,,0,5.5,,1/3/2025,yes,TRUE
PLASTER 3INCHES (NA | PLASTER 3INCHES) (629 | PLASTER 3INCHES (NA | PLASTER 3INCHES)),629,PLASTER 3INCHES (NA | PLASTER 3INCHES),5,Consumables,629,,,0.5,,0,,,,no,TRUE
PLASTER 6INCH (NA | PLASTER 6INCH) (809 | PLASTER 6INCH (NA | PLASTER 6INCH)),809,PLASTER 6INCH (NA | PLASTER 6INCH),9,Non-Drug Consumables,809,,,0,,0,,,,no,TRUE
PLASTIC APRON (NA | NA) (1236 | PLASTIC APRON (NA | NA)),1236,PLASTIC APRON (NA | NA),9,Non-Drug Consumables,1236,,,0,,0,,,,no,TRUE
PLASTIC CHAIR (NA | NA) (1281 | PLASTIC CHAIR (NA | NA)),1281,PLASTIC CHAIR (NA | NA),9,Non-Drug Consumables,1281,,,0,,0,,,,no,TRUE
PLASTIC FILE (NA | PLASTIC FILE) (927 | PLASTIC FILE (NA | PLASTIC FILE)),927,PLASTIC FILE (NA | PLASTIC FILE),10,Stationery,927,,,0,,0,,,,no,TRUE
POLYTENE BAG (RED VARIOUS SIZES) (NA | POLYTENE BAG (RED VARIOUS SIZES)) (928 | POLYTENE BAG (RED VARIOUS SIZES) (NA | POLYTENE BAG (RED VARIOUS SIZES))),928,POLYTENE BAG (RED VARIOUS SIZES) (NA | POLYTENE BAG (RED VARIOUS SIZES)),10,Stationery,928,,,0,,0,,,,no,TRUE
POLYTENE BAG (YELLOW VARIOUS SIZES) (NA | POLYTENE BAG (YELLOW VARIOUS SIZES)) (929 | POLYTENE BAG (YELLOW VARIOUS SIZES) (NA | POLYTENE BAG (YELLOW VARIOUS SIZES))),929,POLYTENE BAG (YELLOW VARIOUS SIZES) (NA | POLYTENE BAG (YELLOW VARIOUS SIZES)),10,Stationery,929,,,0,,0,,,,no,TRUE
POLYTHENE BAG (BLACK VARIOUS SIZE) (NA | POLYTHENE BAG (BLACK VARIOUS SIZE)) (930 | POLYTHENE BAG (BLACK VARIOUS SIZE) (NA | POLYTHENE BAG (BLACK VARIOUS SIZE))),930,POLYTHENE BAG (BLACK VARIOUS SIZE) (NA | POLYTHENE BAG (BLACK VARIOUS SIZE)),10,Stationery,930,,,0,,0,,,,no,TRUE
POLYTHENE BAGS BLACK M/S (NA | NA) (1229 | POLYTHENE BAGS BLACK M/S (NA | NA)),1229,POLYTHENE BAGS BLACK M/S (NA | NA),9,Non-Drug Consumables,1229,,,0,,0,,,,no,TRUE
POLYTHENE BAGS YELLOW (NA | NA) (1228 | POLYTHENE BAGS YELLOW (NA | NA)),1228,POLYTHENE BAGS YELLOW (NA | NA),9,Non-Drug Consumables,1228,,,0,,0,,,,no,TRUE
Potassium Chloride  (600 mg ) (POTCHLTA1 | Potassium Chloride ),POTCHLTA1,Potassium Chloride  (600 mg ) (POTCHLTA1 | Potassium Chloride ),4,Pharmacy,442,Tablet,600 mg,0,,0,3.85,,1/3/2025,yes,TRUE
Potassium Chloride Injection 20meq/10mls (POTCHLIN1 | Potassium Chloride Injection 20meq/10mls),POTCHLIN1,Potassium Chloride Injection 20meq/10mls,4,Pharmacy,441,Injection,20 mEq/10 mL,20,,0,17.16,,1/3/2025,yes,TRUE
Potassium Citrate Mixture Bp (POTCITMI1 | Potassium Citrate Mixture Bp),POTCITMI1,Potassium Citrate Mixture Bp,4,Pharmacy,443,Mixture,,10,,0,9.35,,1/3/2025,yes,TRUE
Povidone Iodine Solution 1% (POVIDOSO1 | Povidone Iodine Solution 1%),POVIDOSO1,Povidone Iodine Solution 1%,4,Pharmacy,444,Solution,0.1,50,,0,46.2,,1/3/2025,no,TRUE
POWDERED SOAP (NA | NA) (1216 | POWDERED SOAP (NA | NA)),1216,POWDERED SOAP (NA | NA),6,Disinfectants,1216,,,0,,0,,,,no,TRUE
Praziquantel Tablet 600mg (PRAZIQTA1 | Praziquantel Tablet 600mg),PRAZIQTA1,Praziquantel Tablet 600mg,4,Pharmacy,446,Tablet,600 mg,12,,0,11.55,,1/3/2025,yes,TRUE
Prazosin  (PRAZOSTA1 | Prazosin ),PRAZOSTA1,Prazosin  (PRAZOSTA1 | Prazosin ),4,Pharmacy,447,Tablet,500 microgram,0,,0,2.64,,1/2/2023,yes,TRUE
Prednisolone Eye  (0.01) (PREDNIID2 | Prednisolone Eye ),PREDNIID2,Prednisolone Eye  (0.01) (PREDNIID2 | Prednisolone Eye ),4,Pharmacy,449,Drops,0.01,0,,0,28.08,,1/2/2023,yes,TRUE
Prednisolone Eye  (PREDNIID1 | Prednisolone Eye ),PREDNIID1,Prednisolone Eye  (PREDNIID1 | Prednisolone Eye ),4,Pharmacy,448,Drops,0.005,0,,0,18.72,,1/2/2023,yes,TRUE
Prednisolone Tablet 5mg (PREDNITA1 | Prednisolone Tablet 5mg),PREDNITA1,Prednisolone Tablet 5mg,4,Pharmacy,450,Tablet,5 mg,0.3,,0.2,0.2,,1/3/2025,yes,TRUE
Pregabalin Capsules 75mg (M000585 | Pregabalin Capsules 75mg),M000585,Pregabalin Capsules 75mg,4,Pharmacy,585,Capsule,75mg,3.5,,0,,,,no,TRUE
PREGNANCY TEST KIT (NA | PREGNANCY TEST KIT) (690 | PREGNANCY TEST KIT (NA | PREGNANCY TEST KIT)),690,PREGNANCY TEST KIT (NA | PREGNANCY TEST KIT),7,Laboratory Consumables,690,,,0,,0,,,,no,TRUE
PRESCRIPTION PAD/FORM (NA | PRESCRIPTION PAD/FORM) (853 | PRESCRIPTION PAD/FORM (NA | PRESCRIPTION PAD/FORM)),853,PRESCRIPTION PAD/FORM (NA | PRESCRIPTION PAD/FORM),10,Stationery,853,,,0,,0,,,,no,TRUE
PRESERVATIVE (NA | PRESERVATIVE) (1060 | PRESERVATIVE (NA | PRESERVATIVE)),1060,PRESERVATIVE (NA | PRESERVATIVE),11,Non-Consumables,1060,,,0,,0,,,,no,TRUE
PRESSURE BAG (NA | NA) (1291 | PRESSURE BAG (NA | NA)),1291,PRESSURE BAG (NA | NA),9,Non-Drug Consumables,1291,,,0,,0,,,,no,TRUE
Primidone  (PRIMIDTA1 | Primidone ),PRIMIDTA1,Primidone  (PRIMIDTA1 | Primidone ),4,Pharmacy,453,Tablet,250 mg,0,,0,0.33,,1/3/2025,yes,TRUE
PRINTER VARIOUS (NA | PRINTER VARIOUS) (1061 | PRINTER VARIOUS (NA | PRINTER VARIOUS)),1061,PRINTER VARIOUS (NA | PRINTER VARIOUS),11,Non-Consumables,1061,,,0,,0,,,,no,TRUE
Procaine Benzylpenicillin  (PROBENIN1 | Procaine Benzylpenicillin ),PROBENIN1,Procaine Benzylpenicillin  (PROBENIN1 | Procaine Benzylpenicillin ),4,Pharmacy,454,Injection,4 MU,0,,0,9.9,,1/3/2025,yes,TRUE
PROJECTOR - VARIOUS (NA | NA) (1348 | PROJECTOR - VARIOUS (NA | NA)),1348,PROJECTOR - VARIOUS (NA | NA),12,Electricals,1348,,,0,,0,,,,no,TRUE
Promethazine Hydrochloride  (25 mg/mL in 2 mL) (PROHYDIN1 | Promethazine Hydrochloride ),PROHYDIN1,Promethazine Hydrochloride  (25 mg/mL in 2 mL) (PROHYDIN1 | Promethazine Hydrochloride ),4,Pharmacy,456,Injection,25 mg/mL in 2 mL,6,,4,2.2,,1/3/2025,yes,TRUE
Promethazine Hydrochloride (PROHYDEL1 | Promethazine Hydrochloride),PROHYDEL1,Promethazine Hydrochloride (PROHYDEL1 | Promethazine Hydrochloride),4,Pharmacy,455,Injection,5 mg/5 mL,10,,0,9.21,,1/3/2025,yes,TRUE
Promethazine Hydrochloride Tablet 25mg (PROMETTA1 | Promethazine Hydrochloride Tablet 25mg),PROMETTA1,Promethazine Hydrochloride Tablet 25mg,4,Pharmacy,457,Tablet,25 mg,0.14,,0,0.28,,1/3/2025,yes,TRUE
Promethazine Theoclate  (PROTHETA1 | Promethazine Theoclate ),PROTHETA1,Promethazine Theoclate  (PROTHETA1 | Promethazine Theoclate ),4,Pharmacy,458,Tablet,25 mg,0,,0,0.22,,1/3/2025,yes,TRUE
Propofol Injection 10mg/ml (M000586 | Propofol Injection 10mg/ml),M000586,Propofol Injection 10mg/ml,4,Pharmacy,586,Injection,10mg/ml,70,,0,,,,no,TRUE
Propranolol  (10 mg) (PROPRATA1 | Propranolol ),PROPRATA1,Propranolol  (10 mg) (PROPRATA1 | Propranolol ),4,Pharmacy,460,Tablet,10 mg,0,,0,0.84,,1/3/2025,yes,TRUE
Propranolol  (80 mg) (PROPRATA3 | Propranolol ),PROPRATA3,Propranolol  (80 mg) (PROPRATA3 | Propranolol ),4,Pharmacy,462,Tablet,80 mg,0,,0,1.88,,1/3/2025,yes,TRUE
Propranolol  (PROPRAIN1 | Propranolol ),PROPRAIN1,Propranolol  (PROPRAIN1 | Propranolol ),4,Pharmacy,459,Injection,1 mg/mL in 1mL,0,,0,0.16,,1/2/2023,yes,TRUE
Propranolol 40mg Tablet (PROPRATA2 | Propranolol 40mg Tablet),PROPRATA2,Propranolol 40mg Tablet,4,Pharmacy,461,Tablet,40 mg,0.25,,0.07,0.22,,1/3/2025,yes,TRUE
Propylthiouracil  (PROPYLTA1 | Propylthiouracil ),PROPYLTA1,Propylthiouracil  (PROPYLTA1 | Propylthiouracil ),4,Pharmacy,463,Tablet,50 mg,0,,0,3.34,,1/2/2023,yes,TRUE
Protamine Sulphate  (PROSULIN1 | Protamine Sulphate ),PROSULIN1,Protamine Sulphate  (PROSULIN1 | Protamine Sulphate ),4,Pharmacy,464,Injection,10 mg/mL in 5 mL,0,,0,67.08,,1/2/2023,yes,TRUE
Quinine (75 mg/5 mL) (QUININSY1 | Quinine),QUININSY1,Quinine (75 mg/5 mL) (QUININSY1 | Quinine),4,Pharmacy,466,Injection,75 mg/5 mL,0,,0,12.1,,1/3/2025,yes,TRUE
Quinine Dihydrochloride Injection 300mg/Ml In 2mls (QUINININ1 | Quinine Dihydrochloride Injection 300mg/Ml In 2mls),QUINININ1,Quinine Dihydrochloride Injection 300mg/Ml In 2mls,4,Pharmacy,465,Injection,300 mg/mL in 2 mL,2.14,,0,4.68,,1/3/2025,yes,TRUE
Quinine Injection 300mg (QUININTA1 | Quinine Injection 300mg),QUININTA1,Quinine Injection 300mg,4,Pharmacy,467,Tablet,300 mg,1.5,,0,1.47,,1/3/2025,yes,TRUE
RAIN COAT (NA | NA) (1191 | RAIN COAT (NA | NA)),1191,RAIN COAT (NA | NA),9,Non-Drug Consumables,1191,,,0,,0,,,,no,TRUE
Ramipril  (5 mg) (RAMIPRTA2 | Ramipril ),RAMIPRTA2,Ramipril  (5 mg) (RAMIPRTA2 | Ramipril ),4,Pharmacy,469,Tablet,5 mg,0,,0,1.22,,1/3/2025,yes,TRUE
Ramipril  (RAMIPRTA1 | Ramipril ),RAMIPRTA1,Ramipril  (RAMIPRTA1 | Ramipril ),4,Pharmacy,468,Tablet,2.5 mg,0,,0,1.01,,1/3/2025,yes,TRUE
Ranitidine  (RANITITA1 | Ranitidine ),RANITITA1,Ranitidine  (RANITITA1 | Ranitidine ),4,Pharmacy,470,Tablet,150 mg,0,,0,1.99,,1/3/2025,yes,TRUE
RANITIDINE (50mg) (M000587 | RANITIDINE),M000587,RANITIDINE (50mg) (M000587 | RANITIDINE),4,Pharmacy,587,Injection,50mg,0,,0,,,,no,TRUE
READERS (NA | READERS) (1062 | READERS (NA | READERS)),1062,READERS (NA | READERS),11,Non-Consumables,1062,,,0,,0,,,,no,TRUE
REBREATHING BAG 0.5L MEDIUM (NA | REBREATHING BAG 0.5L MEDIUM) (810 | REBREATHING BAG 0.5L MEDIUM (NA | REBREATHING BAG 0.5L MEDIUM)),810,REBREATHING BAG 0.5L MEDIUM (NA | REBREATHING BAG 0.5L MEDIUM),9,Non-Drug Consumables,810,,,0,,0,,,,no,TRUE
REBREATHING BAG 1.0L MEDIUM (NA | REBREATHING BAG 1.0L MEDIUM) (811 | REBREATHING BAG 1.0L MEDIUM (NA | REBREATHING BAG 1.0L MEDIUM)),811,REBREATHING BAG 1.0L MEDIUM (NA | REBREATHING BAG 1.0L MEDIUM),9,Non-Drug Consumables,811,,,0,,0,,,,no,TRUE
REBREATHING BAG 1.5L LARGE (NA | REBREATHING BAG 1.5L LARGE) (812 | REBREATHING BAG 1.5L LARGE (NA | REBREATHING BAG 1.5L LARGE)),812,REBREATHING BAG 1.5L LARGE (NA | REBREATHING BAG 1.5L LARGE),9,Non-Drug Consumables,812,,,0,,0,,,,no,TRUE
REBREATHING BAG 2.0L LARGE (NA | REBREATHING BAG 2.0L LARGE) (813 | REBREATHING BAG 2.0L LARGE (NA | REBREATHING BAG 2.0L LARGE)),813,REBREATHING BAG 2.0L LARGE (NA | REBREATHING BAG 2.0L LARGE),9,Non-Drug Consumables,813,,,0,,0,,,,no,TRUE
RECHARGEABLE BULB (NA | NA) (1317 | RECHARGEABLE BULB (NA | NA)),1317,RECHARGEABLE BULB (NA | NA),12,Electricals,1317,,,0,,0,,,,no,TRUE
RECHARGEABLE TOUCH LIGHT (NA | RECHARGEABLE TOUCH LIGHT) (1063 | RECHARGEABLE TOUCH LIGHT (NA | RECHARGEABLE TOUCH LIGHT)),1063,RECHARGEABLE TOUCH LIGHT (NA | RECHARGEABLE TOUCH LIGHT),11,Non-Consumables,1063,,,0,,0,,,,no,TRUE
RECOVERY BED (NA | NA) (1119 | RECOVERY BED (NA | NA)),1119,RECOVERY BED (NA | NA),11,Non-Consumables,1119,,,0,,0,,,,no,TRUE
RED CABLE 1.5 (NA | RED CABLE 1.5) (1064 | RED CABLE 1.5 (NA | RED CABLE 1.5)),1064,RED CABLE 1.5 (NA | RED CABLE 1.5),11,Non-Consumables,1064,,,0,,0,,,,no,TRUE
RED CABLE 2.5 (NA | RED CABLE 2.5) (1065 | RED CABLE 2.5 (NA | RED CABLE 2.5)),1065,RED CABLE 2.5 (NA | RED CABLE 2.5),11,Non-Consumables,1065,,,0,,0,,,,no,TRUE
RED PEN (NA | RED PEN) (854 | RED PEN (NA | RED PEN)),854,RED PEN (NA | RED PEN),10,Stationery,854,,,0,,0,,,,no,TRUE
REFERAL BOOK (NA | REFERAL BOOK) (932 | REFERAL BOOK (NA | REFERAL BOOK)),932,REFERAL BOOK (NA | REFERAL BOOK),10,Stationery,932,,,0,,0,,,,no,TRUE
REFILL INK (NA | REFILL INK) (933 | REFILL INK (NA | REFILL INK)),933,REFILL INK (NA | REFILL INK),10,Stationery,933,,,0,,0,,,,no,TRUE
REFRIGERATOR (NA | NA) (1334 | REFRIGERATOR (NA | NA)),1334,REFRIGERATOR (NA | NA),9,Non-Drug Consumables,1334,,,0,,0,,,,no,TRUE
REFRIGERATOR THERMOMETER (NA | REFRIGERATOR THERMOMETER) (691 | REFRIGERATOR THERMOMETER (NA | REFRIGERATOR THERMOMETER)),691,REFRIGERATOR THERMOMETER (NA | REFRIGERATOR THERMOMETER),7,Laboratory Consumables,691,,,0,,0,,,,no,TRUE
RELEASE OF BODY FORM (NA | RELEASE OF BODY FORM) (934 | RELEASE OF BODY FORM (NA | RELEASE OF BODY FORM)),934,RELEASE OF BODY FORM (NA | RELEASE OF BODY FORM),10,Stationery,934,,,0,,0,,,,no,TRUE
RESUSCITATION KITS ADULT (NA | NA) (1103 | RESUSCITATION KITS ADULT (NA | NA)),1103,RESUSCITATION KITS ADULT (NA | NA),9,Non-Drug Consumables,1103,,,0,,0,,,,no,TRUE
RESUSCITATION KITS CHILD (NA | NA) (1104 | RESUSCITATION KITS CHILD (NA | NA)),1104,RESUSCITATION KITS CHILD (NA | NA),9,Non-Drug Consumables,1104,,,0,,0,,,,no,TRUE
Retinol  (RETSOFCA2 | Retinol ),RETSOFCA2,Retinol  (RETSOFCA2 | Retinol ),4,Pharmacy,471,Capsule,"200,000 IU",0,,0,0.24,,1/3/2025,yes,TRUE
REVOLVING STOOL (NA | REVOLVING STOOL) (1067 | REVOLVING STOOL (NA | REVOLVING STOOL)),1067,REVOLVING STOOL (NA | REVOLVING STOOL),11,Non-Consumables,1067,,,0,,0,,,,no,TRUE
RIBBON 4500e (NA | NA) (1392 | RIBBON 4500e (NA | NA)),1392,RIBBON 4500e (NA | NA),10,Stationery,1392,,,0,,0,,,,no,TRUE
Ringers Lactate Infusion 500ml (RINLACSO1 | Ringers Lactate Infusion 500ml),RINLACSO1,Ringers Lactate Infusion 500ml,4,Pharmacy,472,Infusion,500 mL,15,,1,13.1,,1/3/2025,yes,TRUE
Risperidone  (1 mg) (RISPERTA2 | Risperidone ),RISPERTA2,Risperidone  (1 mg) (RISPERTA2 | Risperidone ),4,Pharmacy,474,Tablet,1 mg,1.2,,0,1.31,,1/2/2023,yes,TRUE
Risperidone  (2 mg) (RISPERTA3 | Risperidone ),RISPERTA3,Risperidone  (2 mg) (RISPERTA3 | Risperidone ),4,Pharmacy,475,Tablet,2 mg,1,,0,1.56,,1/2/2023,yes,TRUE
Risperidone  (500 microgram) (RISPERTA1 | Risperidone ),RISPERTA1,Risperidone  (500 microgram) (RISPERTA1 | Risperidone ),4,Pharmacy,476,Tablet,500 microgram,1,,0,3.12,,1/2/2023,yes,TRUE
Risperidone  (RISPERLI1 | Risperidone ),RISPERLI1,Risperidone  (RISPERLI1 | Risperidone ),4,Pharmacy,473,Liquid,1 mg/mL,40,,0,3.84,,1/2/2023,yes,TRUE
Rituximab  (500mg/10ml) (RITUXIIN2 | Rituximab ),RITUXIIN2,Rituximab  (500mg/10ml) (RITUXIIN2 | Rituximab ),4,Pharmacy,478,Injection,500mg/10ml,0,,0,4428.86,,1/2/2023,yes,TRUE
Rituximab  (RITUXIIN1 | Rituximab ),RITUXIIN1,Rituximab  (RITUXIIN1 | Rituximab ),4,Pharmacy,477,Injection,100mg/10ml,0,,0,1349.57,,1/2/2023,yes,TRUE
ROOM THERMOMETER (NA | ROOM THERMOMETER) (692 | ROOM THERMOMETER (NA | ROOM THERMOMETER)),692,ROOM THERMOMETER (NA | ROOM THERMOMETER),7,Laboratory Consumables,692,,,0,,0,,,,no,TRUE
ROUTER VARIOUS (NA | ROUTER VARIOUS) (814 | ROUTER VARIOUS (NA | ROUTER VARIOUS)),814,ROUTER VARIOUS (NA | ROUTER VARIOUS),9,Non-Drug Consumables,814,,,0,,0,,,,no,TRUE
RULER PLASTIC (NA | RULER PLASTIC) (935 | RULER PLASTIC (NA | RULER PLASTIC)),935,RULER PLASTIC (NA | RULER PLASTIC),10,Stationery,935,,,0,,0,,,,no,TRUE
RYLES TUBE 10 (NA | RYLES TUBE 10) (815 | RYLES TUBE 10 (NA | RYLES TUBE 10)),815,RYLES TUBE 10 (NA | RYLES TUBE 10),9,Non-Drug Consumables,815,,,0,,0,,,,no,TRUE
RYLES TUBE 12 (NA | NA) (1206 | RYLES TUBE 12 (NA | NA)),1206,RYLES TUBE 12 (NA | NA),9,Non-Drug Consumables,1206,,,0,,0,,,,no,TRUE
RYLES TUBE 14 (NA | RYLES TUBE 14) (816 | RYLES TUBE 14 (NA | RYLES TUBE 14)),816,RYLES TUBE 14 (NA | RYLES TUBE 14),9,Non-Drug Consumables,816,,,0,,0,,,,no,TRUE
RYLES TUBE 18 (NA | RYLES TUBE 18) (817 | RYLES TUBE 18 (NA | RYLES TUBE 18)),817,RYLES TUBE 18 (NA | RYLES TUBE 18),9,Non-Drug Consumables,817,,,0,,0,,,,no,TRUE
RYLES TUBE 5 (NA | NA) (1209 | RYLES TUBE 5 (NA | NA)),1209,RYLES TUBE 5 (NA | NA),9,Non-Drug Consumables,1209,,,0,,0,,,,no,TRUE
RYLES TUBE 6 (NA | NA) (1208 | RYLES TUBE 6 (NA | NA)),1208,RYLES TUBE 6 (NA | NA),9,Non-Drug Consumables,1208,,,0,,0,,,,no,TRUE
RYLES TUBE 8 (NA | NA) (1210 | RYLES TUBE 8 (NA | NA)),1210,RYLES TUBE 8 (NA | NA),9,Non-Drug Consumables,1210,,,0,,0,,,,no,TRUE
RYLES TUBE I6 (NA | RYLES TUBE I6) (818 | RYLES TUBE I6 (NA | RYLES TUBE I6)),818,RYLES TUBE I6 (NA | RYLES TUBE I6),9,Non-Drug Consumables,818,,,0,,0,,,,no,TRUE
SAFETY BOX (NA | SAFETY BOX) (936 | SAFETY BOX (NA | SAFETY BOX)),936,SAFETY BOX (NA | SAFETY BOX),10,Stationery,936,,,0,,0,,,,no,TRUE
Salbutamol  (2 mg/5 mL) (SALBUTSY1 | Salbutamol ),SALBUTSY1,Salbutamol  (2 mg/5 mL) (SALBUTSY1 | Salbutamol ),4,Pharmacy,483,Syrup,2 mg/5 mL,0,,0,18.7,,1/3/2025,yes,TRUE
Salbutamol  (SALBUTGA1 | Salbutamol ),SALBUTGA1,Salbutamol  (SALBUTGA1 | Salbutamol ),4,Pharmacy,479,Inhaler,"100 microgram/metered dose, 200 doses",35,,0,49.5,,1/3/2025,yes,TRUE
Salbutamol Nebule 2.5mg/ml (SALBUTGA2 | Salbutamol Nebule 2.5mg/ml),SALBUTGA2,Salbutamol Nebule 2.5mg/ml,4,Pharmacy,480,Nebules,2.5 mg,12,,0,10.12,,1/3/2025,yes,TRUE
Salbutamol Tablet 4mg (M000588 | Salbutamol Tablet 4mg),M000588,Salbutamol Tablet 4mg,4,Pharmacy,588,0,4mg,0.25,,0,,,,no,TRUE
Salicylic Acid  (SALACIOI1 | Salicylic Acid ),SALACIOI1,Salicylic Acid  (SALACIOI1 | Salicylic Acid ),4,Pharmacy,484,Ointment,0.02,0,,0,18.7,,1/3/2025,yes,TRUE
SARS-COV-2 TESTING CARTRIDGES (NA | SARS-COV-2 TESTING CARTRIDGES) (693 | SARS-COV-2 TESTING CARTRIDGES (NA | SARS-COV-2 TESTING CARTRIDGES)),693,SARS-COV-2 TESTING CARTRIDGES (NA | SARS-COV-2 TESTING CARTRIDGES),7,Laboratory Consumables,693,,,0,,0,,,,no,TRUE
savlon (NA | NA) (1306 | savlon (NA | NA)),1306,savlon (NA | NA),6,Disinfectants,1306,,,0,,0,,,,no,TRUE
SAVLON (NA | SAVLON) (634 | SAVLON (NA | SAVLON)),634,SAVLON (NA | SAVLON),5,Consumables,634,,,26,,0,,,,no,TRUE
SB BIOLINE (NA | NA) (1390 | SB BIOLINE (NA | NA)),1390,SB BIOLINE (NA | NA),7,Laboratory Consumables,1390,,,0,,0,,,,no,TRUE
SCISSORS (NA | SCISSORS) (937 | SCISSORS (NA | SCISSORS)),937,SCISSORS (NA | SCISSORS),10,Stationery,937,,,0,,0,,,,no,TRUE
SCRUBING BRUSH (NA | SCRUBING BRUSH) (938 | SCRUBING BRUSH (NA | SCRUBING BRUSH)),938,SCRUBING BRUSH (NA | SCRUBING BRUSH),10,Stationery,938,,,0,,0,,,,no,TRUE
SCRUBS (NA | SCRUBS) (819 | SCRUBS (NA | SCRUBS)),819,SCRUBS (NA | SCRUBS),9,Non-Drug Consumables,819,,,0,,0,,,,no,TRUE
SD BIOLINE (NA | SD BIOLINE) (820 | SD BIOLINE (NA | SD BIOLINE)),820,SD BIOLINE (NA | SD BIOLINE),9,Non-Drug Consumables,820,,,0,,0,,,,no,TRUE
SD BIOLINE BUFFER 4ML (NA | NA) (1388 | SD BIOLINE BUFFER 4ML (NA | NA)),1388,SD BIOLINE BUFFER 4ML (NA | NA),7,Laboratory Consumables,1388,,,0,,0,,,,no,TRUE
Secnidazole Tab 500mg (SECNIDTA1 | Secnidazole Tab 500mg),SECNIDTA1,Secnidazole Tab 500mg,4,Pharmacy,485,Tablet,500 mg,9,,0,8.8,,1/3/2025,yes,TRUE
SECURITY BOOT (NA | SECURITY BOOT) (1068 | SECURITY BOOT (NA | SECURITY BOOT)),1068,SECURITY BOOT (NA | SECURITY BOOT),11,Non-Consumables,1068,,,0,,0,,,,no,TRUE
Selenium Sulphide Shampoo (SELSULSH1 | Selenium Sulphide Shampoo),SELSULSH1,Selenium Sulphide Shampoo (SELSULSH1 | Selenium Sulphide Shampoo),4,Pharmacy,486,Solution,0.025,0,,0,12.93,,1/3/2025,yes,TRUE
SELLOTAPE (NA | SELLOTAPE) (1069 | SELLOTAPE (NA | SELLOTAPE)),1069,SELLOTAPE (NA | SELLOTAPE),11,Non-Consumables,1069,,,0,,0,,,,no,TRUE
SEMI-ASSORTED FRAMES (NA | NA) (1396 | SEMI-ASSORTED FRAMES (NA | NA)),1396,SEMI-ASSORTED FRAMES (NA | NA),11,Non-Consumables,1396,,,0,,0,,,,no,TRUE
Sertraline  (50 mg) (SERTRATA1 | Sertraline ),SERTRATA1,Sertraline  (50 mg) (SERTRATA1 | Sertraline ),4,Pharmacy,488,Tablet,50 mg,0,,0,2.3,,1/2/2023,yes,TRUE
Sertraline  (SERTRATA2 | Sertraline ),SERTRATA2,Sertraline  (SERTRATA2 | Sertraline ),4,Pharmacy,487,Tablet,100 mg,0,,0,1.96,,1/2/2023,yes,TRUE
SERVERS SCREEN (NA | NA) (1271 | SERVERS SCREEN (NA | NA)),1271,SERVERS SCREEN (NA | NA),9,Non-Drug Consumables,1271,,,0,,0,,,,no,TRUE
SETHOSCOPE PAEDIATRIC (NA | NA) (1117 | SETHOSCOPE PAEDIATRIC (NA | NA)),1117,SETHOSCOPE PAEDIATRIC (NA | NA),11,Non-Consumables,1117,,,0,,0,,,,no,TRUE
Sevoflurane (Piramal) 250ml (M000589 | Sevoflurane (Piramal) 250ml),M000589,Sevoflurane (Piramal) 250ml,4,Pharmacy,589,Inhaler,,560,,0,,,,no,TRUE
SHOE COVER (NA | NA) (1192 | SHOE COVER (NA | NA)),1192,SHOE COVER (NA | NA),9,Non-Drug Consumables,1192,,,0,,0,,,,no,TRUE
SICKLING POWDER 25G (NA | NA) (1109 | SICKLING POWDER 25G (NA | NA)),1109,SICKLING POWDER 25G (NA | NA),7,Laboratory Consumables,1109,,,0,,0,,,,no,TRUE
SILICON CATHETER SIZE 10 -2WAY (NA | SILICON CATHETER SIZE 10 -2WAY) (821 | SILICON CATHETER SIZE 10 -2WAY (NA | SILICON CATHETER SIZE 10 -2WAY)),821,SILICON CATHETER SIZE 10 -2WAY (NA | SILICON CATHETER SIZE 10 -2WAY),9,Non-Drug Consumables,821,,,0,,0,,,,no,TRUE
SILICON CATHETER SIZE 14 -2WAY (NA | SILICON CATHETER SIZE 14 -2WAY) (822 | SILICON CATHETER SIZE 14 -2WAY (NA | SILICON CATHETER SIZE 14 -2WAY)),822,SILICON CATHETER SIZE 14 -2WAY (NA | SILICON CATHETER SIZE 14 -2WAY),9,Non-Drug Consumables,822,,,0,,0,,,,no,TRUE
SILICON CATHETER SIZE 8 -2WAY (NA | SILICON CATHETER SIZE 8 -2WAY) (823 | SILICON CATHETER SIZE 8 -2WAY (NA | SILICON CATHETER SIZE 8 -2WAY)),823,SILICON CATHETER SIZE 8 -2WAY (NA | SILICON CATHETER SIZE 8 -2WAY),9,Non-Drug Consumables,823,,,0,,0,,,,no,TRUE
Silver Sulphadiazine  (SILSULCR1 | Silver Sulphadiazine ),SILSULCR1,Silver Sulphadiazine  (SILSULCR1 | Silver Sulphadiazine ),4,Pharmacy,489,Cream,0.01,0,,0,26.4,,1/3/2025,yes,TRUE
Simple Linctus Bpc (SIMLINSY2 | Simple Linctus Bpc),SIMLINSY2,Simple Linctus Bpc,4,Pharmacy,491,0,,10,,1,7.54,,1/3/2025,yes,TRUE
Simple Linctus Syrup Bpc (Paediatric) (SIMLINSY1 | Simple Linctus Syrup Bpc (Paediatric)),SIMLINSY1,Simple Linctus Syrup Bpc (Paediatric),4,Pharmacy,490,Syrup,,9,,2,6.97,,1/3/2025,yes,TRUE
Simvastatin  (40 mg) (SIMVASTA3 | Simvastatin ),SIMVASTA3,Simvastatin  (40 mg) (SIMVASTA3 | Simvastatin ),4,Pharmacy,494,Tablet,40 mg,0,,0,1.27,,1/3/2025,yes,TRUE
Simvastatin  (SIMVASTA1 | Simvastatin ),SIMVASTA1,Simvastatin  (SIMVASTA1 | Simvastatin ),4,Pharmacy,492,Tablet,10 mg,0,,0,0.66,,1/3/2025,yes,TRUE
Simvastatin (20 mg) (SIMVASTA2 | Simvastatin),SIMVASTA2,Simvastatin (20 mg) (SIMVASTA2 | Simvastatin),4,Pharmacy,493,Tablet,20 mg,0,,0,1.02,,1/3/2025,yes,TRUE
Simvastatin (80 mg) (SIMVASTA4 | Simvastatin),SIMVASTA4,Simvastatin (80 mg) (SIMVASTA4 | Simvastatin),4,Pharmacy,495,Tablet,80 mg,0,,0,1.8,,1/2/2023,yes,TRUE
single channel pipette(0.5-10ul) (NA | NA) (1310 | single channel pipette(0.5-10ul) (NA | NA)),1310,single channel pipette(0.5-10ul) (NA | NA),7,Laboratory Consumables,1310,,,0,,0,,,,no,TRUE
single channel pipette(5-50ul) (NA | NA) (1309 | single channel pipette(5-50ul) (NA | NA)),1309,single channel pipette(5-50ul) (NA | NA),7,Laboratory Consumables,1309,,,0,,0,,,,no,TRUE
SINGLE VISION LENSES (NA | SINGLE VISION LENSES) (1070 | SINGLE VISION LENSES (NA | SINGLE VISION LENSES)),1070,SINGLE VISION LENSES (NA | SINGLE VISION LENSES),11,Non-Consumables,1070,,,300,,0,,,,no,TRUE
SOAP BASE (NA | SOAP BASE) (1071 | SOAP BASE (NA | SOAP BASE)),1071,SOAP BASE (NA | SOAP BASE),11,Non-Consumables,1071,,,0,,0,,,,no,TRUE
Sodium Bicarbonate  (SODBICIN1 | Sodium Bicarbonate ),SODBICIN1,Sodium Bicarbonate  (SODBICIN1 | Sodium Bicarbonate ),4,Pharmacy,496,Injection,8.4% in 10 mL,0,,0,50.05,,1/3/2025,yes,TRUE
SODIUM CARBONATE (SODA ASH) (NA | SODIUM CARBONATE (SODA ASH)) (1072 | SODIUM CARBONATE (SODA ASH) (NA | SODIUM CARBONATE (SODA ASH))),1072,SODIUM CARBONATE (SODA ASH) (NA | SODIUM CARBONATE (SODA ASH)),11,Non-Consumables,1072,,,0,,0,,,,no,TRUE
Sodium Chloride Infusion 0.9% 500ml (SODCHLIN3 | Sodium Chloride Infusion 0.9% 500ml),SODCHLIN3,Sodium Chloride Infusion 0.9% 500ml,4,Pharmacy,498,Infusion,0.9% 500 mL,15,,0,14.37,,1/3/2025,yes,TRUE
Sodium Chloride Nasal Drops 0.9% (SODCHLND1 | Sodium Chloride Nasal Drops 0.9%),SODCHLND1,Sodium Chloride Nasal Drops 0.9%,4,Pharmacy,499,Drops,,7,,0,6.6,,1/3/2025,yes,TRUE
Sodium Cromoglycate Eye Drops 4% (M000590 | Sodium Cromoglycate Eye Drops 4%),M000590,Sodium Cromoglycate Eye Drops 4%,4,Pharmacy,590,0,0.02 in 10mls,20,,0,,,,no,TRUE
SODIUM METABISULPHATE (NA | SODIUM METABISULPHATE) (694 | SODIUM METABISULPHATE (NA | SODIUM METABISULPHATE)),694,SODIUM METABISULPHATE (NA | SODIUM METABISULPHATE),7,Laboratory Consumables,694,,,0,,0,,,,no,TRUE
Sodium Valproate  (200 mg/5 Ml) (SODVALSY1 | Sodium Valproate ),SODVALSY1,Sodium Valproate  (200 mg/5 Ml) (SODVALSY1 | Sodium Valproate ),4,Pharmacy,502,Syrup,200 mg/5 Ml,0,,0,165.36,,1/2/2023,yes,TRUE
Sodium Valproate  (SODVALCA1 | Sodium Valproate ),SODVALCA1,Sodium Valproate  (SODVALCA1 | Sodium Valproate ),4,Pharmacy,501,Capsule,200 mg,0,,0,2.34,,1/2/2023,yes,TRUE
SODIUM VALPROATE () (M000668 | sodium valproate),M000668,SODIUM VALPROATE () (M000668 | sodium valproate),4,Pharmacy,1249,Tablet,,0,,0,,,,no,TRUE
Sodium Valproate Capsule 200mg (SODVALTA1 | Sodium Valproate Capsule 200mg),SODVALTA1,Sodium Valproate Capsule 200mg,4,Pharmacy,503,Tablet,200 mg,0,,0,3.34,,1/2/2023,yes,TRUE
Sodium Valproate Capsule Sr 500mg (SODVALCA2 | Sodium Valproate Capsule Sr 500mg),SODVALCA2,Sodium Valproate Capsule Sr 500mg,4,Pharmacy,500,Capsule,500 mg SR,2,,0,6.2,,1/2/2023,yes,TRUE
Soluble Insulin 100iu (INSSOLIN1 | Soluble Insulin 100iu),INSSOLIN1,Soluble Insulin 100iu,4,Pharmacy,315,Injection,100 units/mL in 10 mL,95,,20,80.87,,1/3/2025,yes,TRUE
Soothing Agent + Local Anaesthetic  () (SOOANARE1 | Soothing Agent + Local Anaesthetic ),SOOANARE1,Soothing Agent + Local Anaesthetic  () (SOOANARE1 | Soothing Agent + Local Anaesthetic ),4,Pharmacy,507,Suppository,,0,,0,6.93,,1/3/2025,yes,TRUE
Soothing Agent + Local Anaesthetic  (SOOANAOI1 | Soothing Agent + Local Anaesthetic ),SOOANAOI1,Soothing Agent + Local Anaesthetic  (SOOANAOI1 | Soothing Agent + Local Anaesthetic ),4,Pharmacy,506,Ointment,,0,,0,42.46,,1/3/2025,yes,TRUE
Soothing Agent + Local Anaesthetic + Steroid  () (SOANSTRE1 | Soothing Agent + Local Anaesthetic + Steroid ),SOANSTRE1,Soothing Agent + Local Anaesthetic + Steroid  () (SOANSTRE1 | Soothing Agent + Local Anaesthetic + Steroid ),4,Pharmacy,505,Suppository,,0,,0,7.7,,1/3/2025,yes,TRUE
Soothing Agent + Local Anaesthetic + Steroid  (SOANSTOI1 | Soothing Agent + Local Anaesthetic + Steroid ),SOANSTOI1,Soothing Agent + Local Anaesthetic + Steroid  (SOANSTOI1 | Soothing Agent + Local Anaesthetic + Steroid ),4,Pharmacy,504,Ointment,,0,,0,85.8,,1/3/2025,yes,TRUE
SPINAL NEEDLE (NA | NA) (1302 | SPINAL NEEDLE (NA | NA)),1302,SPINAL NEEDLE (NA | NA),9,Non-Drug Consumables,1302,,,0,,0,,,,no,TRUE
spinal needle 25g (NA | NA) (1304 | spinal needle 25g (NA | NA)),1304,spinal needle 25g (NA | NA),10,Stationery,1304,,,0,,0,,,,no,TRUE
SPINAL NEEDLE 25G (NA | SPINAL NEEDLE 25G) (824 | SPINAL NEEDLE 25G (NA | SPINAL NEEDLE 25G)),824,SPINAL NEEDLE 25G (NA | SPINAL NEEDLE 25G),9,Non-Drug Consumables,824,,,0,,0,,,,no,TRUE
SPINAL NEEDLE 26G (NA | SPINAL NEEDLE 26G) (825 | SPINAL NEEDLE 26G (NA | SPINAL NEEDLE 26G)),825,SPINAL NEEDLE 26G (NA | SPINAL NEEDLE 26G),9,Non-Drug Consumables,825,,,0,,0,,,,no,TRUE
SPIRIT (NA | SPIRIT) (649 | SPIRIT (NA | SPIRIT)),649,SPIRIT (NA | SPIRIT),6,Disinfectants,649,,,0,,0,,,,no,TRUE
Spironolactone Tablet 25 mg (SPIRONTA1 | Spironolactone Tablet 25 mg),SPIRONTA1,Spironolactone Tablet 25 mg,4,Pharmacy,508,Tablet,25 mg,1.5,,0,1.1,,1/3/2025,yes,TRUE
SPLASH AGENT (NA | SPLASH AGENT) (650 | SPLASH AGENT (NA | SPLASH AGENT)),650,SPLASH AGENT (NA | SPLASH AGENT),6,Disinfectants,650,,,0,,0,,,,no,TRUE
SPRAYING MACHINE (NA | SPRAYING MACHINE) (1074 | SPRAYING MACHINE (NA | SPRAYING MACHINE)),1074,SPRAYING MACHINE (NA | SPRAYING MACHINE),11,Non-Consumables,1074,,,0,,0,,,,no,TRUE
SPUTUM CONTAINERS (NA | NA) (1222 | SPUTUM CONTAINERS (NA | NA)),1222,SPUTUM CONTAINERS (NA | NA),7,Laboratory Consumables,1222,,,0,,0,,,,no,TRUE
SPUTUM REQUEST FORMS (NA | SPUTUM REQUEST FORMS) (939 | SPUTUM REQUEST FORMS (NA | SPUTUM REQUEST FORMS)),939,SPUTUM REQUEST FORMS (NA | SPUTUM REQUEST FORMS),10,Stationery,939,,,0,,0,,,,no,TRUE
STABULIZER (NA | NA) (1370 | STABULIZER (NA | NA)),1370,STABULIZER (NA | NA),9,Non-Drug Consumables,1370,,,0,,0,,,,no,TRUE
STADIOMETER (HEIGHT) (NA | NA) (1270 | STADIOMETER (HEIGHT) (NA | NA)),1270,STADIOMETER (HEIGHT) (NA | NA),9,Non-Drug Consumables,1270,,,0,,0,,,,no,TRUE
STAMP PAD (NA | STAMP PAD) (855 | STAMP PAD (NA | STAMP PAD)),855,STAMP PAD (NA | STAMP PAD),10,Stationery,855,,,0,,0,,,,no,TRUE
STANDARD BED (VARIOUS) (NA | STANDARD BED (VARIOUS)) (826 | STANDARD BED (VARIOUS) (NA | STANDARD BED (VARIOUS))),826,STANDARD BED (VARIOUS) (NA | STANDARD BED (VARIOUS)),9,Non-Drug Consumables,826,,,0,,0,,,,no,TRUE
STAPLE MACHINE L/S (NA | STAPLE MACHINE L/S) (940 | STAPLE MACHINE L/S (NA | STAPLE MACHINE L/S)),940,STAPLE MACHINE L/S (NA | STAPLE MACHINE L/S),10,Stationery,940,,,0,,0,,,,no,TRUE
STAPLE PINS (NA | STAPLE PINS) (856 | STAPLE PINS (NA | STAPLE PINS)),856,STAPLE PINS (NA | STAPLE PINS),10,Stationery,856,,,0,,0,,,,no,TRUE
STETHOSCOPE ADULT (NA | NA) (1212 | STETHOSCOPE ADULT (NA | NA)),1212,STETHOSCOPE ADULT (NA | NA),9,Non-Drug Consumables,1212,,,0,,0,,,,no,TRUE
STETHOSCOPE CHILD (NA | STETHOSCOPE CHILD) (827 | STETHOSCOPE CHILD (NA | STETHOSCOPE CHILD)),827,STETHOSCOPE CHILD (NA | STETHOSCOPE CHILD),9,Non-Drug Consumables,827,,,0,,0,,,,no,TRUE
STICK PAD (NA | STICK PAD) (941 | STICK PAD (NA | STICK PAD)),941,STICK PAD (NA | STICK PAD),10,Stationery,941,,,0,,0,,,,no,TRUE
STOOL CONTAINER (NA | STOOL CONTAINER) (696 | STOOL CONTAINER (NA | STOOL CONTAINER)),696,STOOL CONTAINER (NA | STOOL CONTAINER),7,Laboratory Consumables,696,,,0,,0,,,,no,TRUE
STOP CLOCK (DIGITAL TIMER) (NA | STOP CLOCK (DIGITAL TIMER)) (828 | STOP CLOCK (DIGITAL TIMER) (NA | STOP CLOCK (DIGITAL TIMER))),828,STOP CLOCK (DIGITAL TIMER) (NA | STOP CLOCK (DIGITAL TIMER)),9,Non-Drug Consumables,828,,,0,,0,,,,no,TRUE
STORES ISSUE & RECEIPT VOUCHER (NA | STORES ISSUE & RECEIPT VOUCHER) (942 | STORES ISSUE & RECEIPT VOUCHER (NA | STORES ISSUE & RECEIPT VOUCHER)),942,STORES ISSUE & RECEIPT VOUCHER (NA | STORES ISSUE & RECEIPT VOUCHER),10,Stationery,942,,,0,,0,,,,no,TRUE
STRECTHER (NA | STRECTHER) (1075 | STRECTHER (NA | STRECTHER)),1075,STRECTHER (NA | STRECTHER),11,Non-Consumables,1075,,,0,,0,,,,no,TRUE
STREET LIGHT (NA | STREET LIGHT) (1076 | STREET LIGHT (NA | STREET LIGHT)),1076,STREET LIGHT (NA | STREET LIGHT),11,Non-Consumables,1076,,,0,,0,,,,no,TRUE
"Streptokinase  (250,000 unit-vial) (STREPTIN2 | Streptokinase )",STREPTIN2,"Streptokinase  (250,000 unit-vial) (STREPTIN2 | Streptokinase )",4,Pharmacy,511,Injection,"250,000 unit-vial",0,,0,77,,1/2/2023,yes,TRUE
"Streptokinase  (750,000 unit-vial) (STREPTIN3 | Streptokinase )",STREPTIN3,"Streptokinase  (750,000 unit-vial) (STREPTIN3 | Streptokinase )",4,Pharmacy,512,Injection,"750,000 unit-vial",0,,0,164.7,,1/2/2023,yes,TRUE
Streptokinase  (STREPTIN1 | Streptokinase ),STREPTIN1,Streptokinase  (STREPTIN1 | Streptokinase ),4,Pharmacy,510,Injection,"100,000 unit-vial",0,,0,216,,1/2/2023,yes,TRUE
STROTOMALYZER (NA | STROTOMALYZER) (697 | STROTOMALYZER (NA | STROTOMALYZER)),697,STROTOMALYZER (NA | STROTOMALYZER),7,Laboratory Consumables,697,,,0,,0,,,,no,TRUE
SUCTION BOTTLE (NA | SUCTION BOTTLE) (1077 | SUCTION BOTTLE (NA | SUCTION BOTTLE)),1077,SUCTION BOTTLE (NA | SUCTION BOTTLE),11,Non-Consumables,1077,,,0,,0,,,,no,TRUE
SUCTION CATHETER 10 (NA | NA) (1194 | SUCTION CATHETER 10 (NA | NA)),1194,SUCTION CATHETER 10 (NA | NA),9,Non-Drug Consumables,1194,,,0,,0,,,,no,TRUE
SUCTION CATHETER 16 (NA | NA) (1193 | SUCTION CATHETER 16 (NA | NA)),1193,SUCTION CATHETER 16 (NA | NA),9,Non-Drug Consumables,1193,,,0,,0,,,,no,TRUE
SUCTION MACHINE (NA | SUCTION MACHINE) (829 | SUCTION MACHINE (NA | SUCTION MACHINE)),829,SUCTION MACHINE (NA | SUCTION MACHINE),9,Non-Drug Consumables,829,,,0,,0,,,,no,TRUE
SUCTION OUTLET TUBE 150CM (NA | SUCTION OUTLET TUBE 150CM) (830 | SUCTION OUTLET TUBE 150CM (NA | SUCTION OUTLET TUBE 150CM)),830,SUCTION OUTLET TUBE 150CM (NA | SUCTION OUTLET TUBE 150CM),9,Non-Drug Consumables,830,,,0,,0,,,,no,TRUE
Sulfasalazine  (SULFASTA1 | Sulfasalazine ),SULFASTA1,Sulfasalazine  (SULFASTA1 | Sulfasalazine ),4,Pharmacy,513,Tablet,500 mg,0,,0,1.44,,1/2/2023,yes,TRUE
SULFOLYSER 1 X 5000ML (NA | SULFOLYSER 1 X 5000ML) (1078 | SULFOLYSER 1 X 5000ML (NA | SULFOLYSER 1 X 5000ML)),1078,SULFOLYSER 1 X 5000ML (NA | SULFOLYSER 1 X 5000ML),11,Non-Consumables,1078,,,0,,0,,,,no,TRUE
SURE STATUS COVID TEST KIT ANTIGEN (NA | NA) (1322 | SURE STATUS COVID TEST KIT ANTIGEN (NA | NA)),1322,SURE STATUS COVID TEST KIT ANTIGEN (NA | NA),11,Non-Consumables,1322,,,0,,0,,,,no,TRUE
SURGICAL BLADE 11 (NA | NA) (1195 | SURGICAL BLADE 11 (NA | NA)),1195,SURGICAL BLADE 11 (NA | NA),9,Non-Drug Consumables,1195,,,0,,0,,,,no,TRUE
SURGICAL BLADE 15 (NA | NA) (1211 | SURGICAL BLADE 15 (NA | NA)),1211,SURGICAL BLADE 15 (NA | NA),9,Non-Drug Consumables,1211,,,0,,0,,,,no,TRUE
SURGICAL BLADE 21 (NA | SURGICAL BLADE 21) (1079 | SURGICAL BLADE 21 (NA | SURGICAL BLADE 21)),1079,SURGICAL BLADE 21 (NA | SURGICAL BLADE 21),11,Non-Consumables,1079,,,0,,0,,,,no,TRUE
SURGICAL BLADE 22 (NA | SURGICAL BLADE 22) (637 | SURGICAL BLADE 22 (NA | SURGICAL BLADE 22)),637,SURGICAL BLADE 22 (NA | SURGICAL BLADE 22),5,Consumables,637,,,0.1,,0,,,,no,TRUE
SURGICAL BLADE 23 (NA | SURGICAL BLADE 23) (638 | SURGICAL BLADE 23 (NA | SURGICAL BLADE 23)),638,SURGICAL BLADE 23 (NA | SURGICAL BLADE 23),5,Consumables,638,,,0.1,,0,,,,no,TRUE
SURGICAL BLADE 24 (NA | NA) (1213 | SURGICAL BLADE 24 (NA | NA)),1213,SURGICAL BLADE 24 (NA | NA),9,Non-Drug Consumables,1213,,,0,,0,,,,no,TRUE
SURGICAL GLOVES 6.5 (NA | SURGICAL GLOVES 6.5) (831 | SURGICAL GLOVES 6.5 (NA | SURGICAL GLOVES 6.5)),831,SURGICAL GLOVES 6.5 (NA | SURGICAL GLOVES 6.5),9,Non-Drug Consumables,831,,,0,,0,,,,no,TRUE
SURGICAL GLOVES 7 (NA | SURGICAL GLOVES 7) (832 | SURGICAL GLOVES 7 (NA | SURGICAL GLOVES 7)),832,SURGICAL GLOVES 7 (NA | SURGICAL GLOVES 7),9,Non-Drug Consumables,832,,,0,,0,,,,no,TRUE
SURGICAL GLOVES 7.5 (NA | SURGICAL GLOVES 7.5) (833 | SURGICAL GLOVES 7.5 (NA | SURGICAL GLOVES 7.5)),833,SURGICAL GLOVES 7.5 (NA | SURGICAL GLOVES 7.5),9,Non-Drug Consumables,833,,,0,,0,,,,no,TRUE
SURGICAL GLOVES 8 (NA | SURGICAL GLOVES 8) (834 | SURGICAL GLOVES 8 (NA | SURGICAL GLOVES 8)),834,SURGICAL GLOVES 8 (NA | SURGICAL GLOVES 8),9,Non-Drug Consumables,834,,,0,,0,,,,no,TRUE
SURGICAL LAMP (NA | SURGICAL LAMP) (835 | SURGICAL LAMP (NA | SURGICAL LAMP)),835,SURGICAL LAMP (NA | SURGICAL LAMP),9,Non-Drug Consumables,835,,,0,,0,,,,no,TRUE
Suxamethonium Injection 50mg (M000592 | Suxamethonium Injection 50mg),M000592,Suxamethonium Injection 50mg,4,Pharmacy,592,Injection,500MG,150,,0,,,,no,TRUE
SWAB STICKS (NA | SWAB STICKS) (659 | SWAB STICKS (NA | SWAB STICKS)),659,SWAB STICKS (NA | SWAB STICKS),7,Laboratory Consumables,659,,,0,,0,,,,no,TRUE
SWEEPING BRUSH WITH STICK (NA | SWEEPING BRUSH WITH STICK) (651 | SWEEPING BRUSH WITH STICK (NA | SWEEPING BRUSH WITH STICK)),651,SWEEPING BRUSH WITH STICK (NA | SWEEPING BRUSH WITH STICK),6,Disinfectants,651,,,0,,0,,,,no,TRUE
SWIVEL CHAIR (NA | SWIVEL CHAIR) (1080 | SWIVEL CHAIR (NA | SWIVEL CHAIR)),1080,SWIVEL CHAIR (NA | SWIVEL CHAIR),11,Non-Consumables,1080,,,0,,0,,,,no,TRUE
SYPHILIS STRIPS (NA | NA) (1303 | SYPHILIS STRIPS (NA | NA)),1303,SYPHILIS STRIPS (NA | NA),9,Non-Drug Consumables,1303,,,0,,0,,,,no,TRUE
SYPHILIS UDRL (NA | SYPHILIS UDRL) (660 | SYPHILIS UDRL (NA | SYPHILIS UDRL)),660,SYPHILIS UDRL (NA | SYPHILIS UDRL),7,Laboratory Consumables,660,,,0,,0,,,,no,TRUE
SYRINGE AND NEEDLE 10ML (NA | SYRINGE AND NEEDLE 10ML) (640 | SYRINGE AND NEEDLE 10ML (NA | SYRINGE AND NEEDLE 10ML)),640,SYRINGE AND NEEDLE 10ML (NA | SYRINGE AND NEEDLE 10ML),5,Consumables,640,,,0.1,,0,,,,no,TRUE
SYRINGE AND NEEDLE 2ML (NA | SYRINGE AND NEEDLE 2ML) (836 | SYRINGE AND NEEDLE 2ML (NA | SYRINGE AND NEEDLE 2ML)),836,SYRINGE AND NEEDLE 2ML (NA | SYRINGE AND NEEDLE 2ML),9,Non-Drug Consumables,836,,,0,,0,,,,no,TRUE
SYRINGE AND NEEDLE 5ML (NA | SYRINGE AND NEEDLE 5ML) (837 | SYRINGE AND NEEDLE 5ML (NA | SYRINGE AND NEEDLE 5ML)),837,SYRINGE AND NEEDLE 5ML (NA | SYRINGE AND NEEDLE 5ML),9,Non-Drug Consumables,837,,,0,,0,,,,no,TRUE
SYRINGES 1ML (NA | SYRINGES 1ML) (838 | SYRINGES 1ML (NA | SYRINGES 1ML)),838,SYRINGES 1ML (NA | SYRINGES 1ML),9,Non-Drug Consumables,838,,,0,,0,,,,no,TRUE
SYRINGES 20ML (NA | SYRINGES 20ML) (641 | SYRINGES 20ML (NA | SYRINGES 20ML)),641,SYRINGES 20ML (NA | SYRINGES 20ML),5,Consumables,641,,,0.8,,0,,,,no,TRUE
SYRINGES 60ML (NA | SYRINGES 60ML) (642 | SYRINGES 60ML (NA | SYRINGES 60ML)),642,SYRINGES 60ML (NA | SYRINGES 60ML),5,Consumables,642,,,1,,0,,,,no,TRUE
T ROLL (NA | T ROLL) (943 | T ROLL (NA | T ROLL)),943,T ROLL (NA | T ROLL),10,Stationery,943,,,0,,0,,,,no,TRUE
TABLET  (COMPUTERS) (NA | NA) (1231 | TABLET  (COMPUTERS) (NA | NA)),1231,TABLET  (COMPUTERS) (NA | NA),9,Non-Drug Consumables,1231,,,0,,0,,,,no,TRUE
Tamoxifen  (TAMOXITA1 | Tamoxifen ),TAMOXITA1,Tamoxifen  (TAMOXITA1 | Tamoxifen ),4,Pharmacy,514,Tablet,10 mg,0,,0,4.68,,1/2/2023,yes,TRUE
Tamoxifen (20 mg) (TAMOXITA2 | Tamoxifen),TAMOXITA2,Tamoxifen (20 mg) (TAMOXITA2 | Tamoxifen),4,Pharmacy,515,Tablet,20 mg,0,,0,5.46,,1/2/2023,yes,TRUE
Tamsulosin Capsules 400mcg (M000681 | Tamsulosin Capsules 400mcg),M000681,Tamsulosin Capsules 400mcg,4,Pharmacy,1379,Capsule,400mcg,1.56,,0,,,,no,TRUE
TELEVISION SET VARIOUS (NA | TELEVISION SET VARIOUS) (1081 | TELEVISION SET VARIOUS (NA | TELEVISION SET VARIOUS)),1081,TELEVISION SET VARIOUS (NA | TELEVISION SET VARIOUS),11,Non-Consumables,1081,,,0,,0,,,,no,TRUE
TEMPERATURE CHART (NA | TEMPERATURE CHART) (944 | TEMPERATURE CHART (NA | TEMPERATURE CHART)),944,TEMPERATURE CHART (NA | TEMPERATURE CHART),10,Stationery,944,,,0,,0,,,,no,TRUE
Terazosin   (TERAZOTA1 | Terazosin  ),TERAZOTA1,Terazosin   (TERAZOTA1 | Terazosin  ),4,Pharmacy,517,Tablet,2 mg,0,,0,1.8,,1/2/2023,yes,TRUE
Terazosin (5 mg) (TERAZOTA2 | Terazosin),TERAZOTA2,Terazosin (5 mg) (TERAZOTA2 | Terazosin),4,Pharmacy,518,Tablet,5 mg,0,,0,1.52,,1/2/2023,yes,TRUE
Terbinafine HCl  (TERBINTA1 | Terbinafine HCl ),TERBINTA1,Terbinafine HCl  (TERBINTA1 | Terbinafine HCl ),4,Pharmacy,519,Tablet,250 mg,0,,0,3.52,,1/2/2023,yes,TRUE
Tetracycline  (TETRACCA1 | Tetracycline ),TETRACCA1,Tetracycline  (TETRACCA1 | Tetracycline ),4,Pharmacy,520,Capsule,250 mg,0,,0,0.28,,1/3/2025,yes,TRUE
Tetracycline Eye Ointment 1% (TETRACEO2 | Tetracycline Eye Ointment 1%),TETRACEO2,Tetracycline Eye Ointment 1%,4,Pharmacy,521,Ointment,0.01,10,,3,8.25,,1/3/2025,yes,TRUE
Theophylline (THEOPHTA1 | Theophylline),THEOPHTA1,Theophylline (THEOPHTA1 | Theophylline),4,Pharmacy,522,Tablet,200 mg SR,17,,0,16.5,,1/3/2025,yes,TRUE
THERMAL PAPER (NA | NA) (1107 | THERMAL PAPER (NA | NA)),1107,THERMAL PAPER (NA | NA),9,Non-Drug Consumables,1107,,,0,,0,,,,no,TRUE
Thiamine (50 mg) (THIAMITA1 | Thiamine),THIAMITA1,Thiamine (50 mg) (THIAMITA1 | Thiamine),4,Pharmacy,525,Tablet,50 mg,0,,0,0.66,,1/3/2025,yes,TRUE
Thiamine Injection 100mg  (THIAMIIN1 | Thiamine Injection 100mg ),THIAMIIN1,Thiamine Injection 100mg ,4,Pharmacy,523,Injection,100mg/2mL,0,,0,11,,1/3/2025,yes,TRUE
Thiamine Tablet 100mg (THIAMITA2 | Thiamine Tablet 100mg),THIAMITA2,Thiamine Tablet 100mg,4,Pharmacy,524,Tablet,100 mg,1.4,,0,1.1,,1/3/2025,yes,TRUE
THICKNER (NA | THICKNER) (1082 | THICKNER (NA | THICKNER)),1082,THICKNER (NA | THICKNER),11,Non-Consumables,1082,,,0,,0,,,,no,TRUE
Thiopentone Injection (M000594 | Thiopentone Injection),M000594,Thiopentone Injection,4,Pharmacy,594,Injection,500mg,55,,0,,,,no,TRUE
Tiabendazole  (TIABENTA1 | Tiabendazole ),TIABENTA1,Tiabendazole  (TIABENTA1 | Tiabendazole ),4,Pharmacy,526,Tablet,500 mg,0,,0,1.58,,1/3/2025,yes,TRUE
Timolol Maleate Eye Drops 0.5% (TIMMALID1 | Timolol Maleate Eye Drops 0.5%),TIMMALID1,Timolol Maleate Eye Drops 0.5%,4,Pharmacy,527,Drops,0.005,15,,0,13.2,,1/3/2025,yes,TRUE
Tinidazole  (TINIDACA1 | Tinidazole ),TINIDACA1,Tinidazole  (TINIDACA1 | Tinidazole ),4,Pharmacy,528,Capsule,500 mg,0,,0,28.05,,1/3/2025,yes,TRUE
Tirofiban  (50 micrograms/mL) (TIROFIIN1 | Tirofiban ),TIROFIIN1,Tirofiban  (50 micrograms/mL) (TIROFIIN1 | Tirofiban ),4,Pharmacy,530,Infusion,50 micrograms/mL,0,,0,338,,1/2/2023,yes,TRUE
Tirofiban  (TIROFIIN2 | Tirofiban ),TIROFIIN2,Tirofiban  (TIROFIIN2 | Tirofiban ),4,Pharmacy,529,Infusion,250 micrograms/ml (concentrate),0,,0,468,,1/2/2023,yes,TRUE
TISSUE PAPER VARIOUS (NA | TISSUE PAPER VARIOUS) (643 | TISSUE PAPER VARIOUS (NA | TISSUE PAPER VARIOUS)),643,TISSUE PAPER VARIOUS (NA | TISSUE PAPER VARIOUS),5,Consumables,643,,,10,,0,,,,no,TRUE
Tolbutamide  (TOLBUTTA1 | Tolbutamide ),TOLBUTTA1,Tolbutamide  (TOLBUTTA1 | Tolbutamide ),4,Pharmacy,531,Tablet,500 mg,0,,0,9.65,,1/3/2025,yes,TRUE
TONER 05A (NA | TONER 05A) (945 | TONER 05A (NA | TONER 05A)),945,TONER 05A (NA | TONER 05A),10,Stationery,945,,,0,,0,,,,no,TRUE
TONER 17A (NA | TONER 17A) (946 | TONER 17A (NA | TONER 17A)),946,TONER 17A (NA | TONER 17A),10,Stationery,946,,,0,,0,,,,no,TRUE
TONER 203 MAGENTA (NA | NA) (1251 | TONER 203 MAGENTA (NA | NA)),1251,TONER 203 MAGENTA (NA | NA),10,Stationery,1251,,,0,,0,,,,no,TRUE
TONER 203A BLACK (NA | TONER 203A BLACK) (947 | TONER 203A BLACK (NA | TONER 203A BLACK)),947,TONER 203A BLACK (NA | TONER 203A BLACK),10,Stationery,947,,,0,,0,,,,no,TRUE
TONER 203A BLUE (NA | TONER 203A BLUE) (948 | TONER 203A BLUE (NA | TONER 203A BLUE)),948,TONER 203A BLUE (NA | TONER 203A BLUE),10,Stationery,948,,,0,,0,,,,no,TRUE
TONER 203A RED (NA | TONER 203A RED) (949 | TONER 203A RED (NA | TONER 203A RED)),949,TONER 203A RED (NA | TONER 203A RED),10,Stationery,949,,,0,,0,,,,no,TRUE
TONER 203A YELLOW (NA | TONER 203A YELLOW) (950 | TONER 203A YELLOW (NA | TONER 203A YELLOW)),950,TONER 203A YELLOW (NA | TONER 203A YELLOW),10,Stationery,950,,,0,,0,,,,no,TRUE
TONER 70A (NA | TONER 70A) (951 | TONER 70A (NA | TONER 70A)),951,TONER 70A (NA | TONER 70A),10,Stationery,951,,,0,,0,,,,no,TRUE
TONER 79A (NA | TONER 79A) (952 | TONER 79A (NA | TONER 79A)),952,TONER 79A (NA | TONER 79A),10,Stationery,952,,,0,,0,,,,no,TRUE
TONER 85A (NA | TONER 85A) (953 | TONER 85A (NA | TONER 85A)),953,TONER 85A (NA | TONER 85A),10,Stationery,953,,,0,,0,,,,no,TRUE
Tothema (M000595 | Tothema),M000595,Tothema,4,Pharmacy,595,Solution,10mg,7.9,,0,,,,no,TRUE
TOURNIQUET (NA | TOURNIQUET) (698 | TOURNIQUET (NA | TOURNIQUET)),698,TOURNIQUET (NA | TOURNIQUET),7,Laboratory Consumables,698,,,0,,0,,,,no,TRUE
Tramadol Capsule 50mg (M000596 | Tramadol Capsule 50mg),M000596,Tramadol Capsule 50mg,4,Pharmacy,596,Capsule,50mg,4,,0,,,,no,TRUE
Tramadol Injection 100mg (M000597 | Tramadol Injection 100mg),M000597,Tramadol Injection 100mg,4,Pharmacy,597,Injection,100mg,13,,0,,,,no,TRUE
Tranexamic Acid  (500 mg) (TRAACITA1 | Tranexamic Acid ),TRAACITA1,Tranexamic Acid  (500 mg) (TRAACITA1 | Tranexamic Acid ),4,Pharmacy,534,Tablet,500 mg,0,,0,4.68,,1/3/2025,yes,TRUE
Tranexamic Acid Tablet 250mg (TRAACICA1 | Tranexamic Acid Tablet 250mg),TRAACICA1,Tranexamic Acid Tablet 250mg,4,Pharmacy,532,Capsule,250 mg,4,,0,3.52,,1/3/2025,yes,TRUE
TRANSFUSION CHART (NA | TRANSFUSION CHART) (954 | TRANSFUSION CHART (NA | TRANSFUSION CHART)),954,TRANSFUSION CHART (NA | TRANSFUSION CHART),10,Stationery,954,,,0,,0,,,,no,TRUE
TREATMENT SHEETS (NA | TREATMENT SHEETS) (955 | TREATMENT SHEETS (NA | TREATMENT SHEETS)),955,TREATMENT SHEETS (NA | TREATMENT SHEETS),10,Stationery,955,,,0,,0,,,,no,TRUE
TRIAGE/EMERGENCY UNIT ADMISSION FORM 1 & 2 (NA | TRIAGE/EMERGENCY UNIT ADMISSION FORM 1 & 2) (956 | TRIAGE/EMERGENCY UNIT ADMISSION FORM 1 & 2 (NA | TRIAGE/EMERGENCY UNIT ADMISSION FORM 1 & 2)),956,TRIAGE/EMERGENCY UNIT ADMISSION FORM 1 & 2 (NA | TRIAGE/EMERGENCY UNIT ADMISSION FORM 1 & 2),10,Stationery,956,,,0,,0,,,,no,TRUE
TRIAGE/EMERGENCY UNIT AUDIT TOOL (NA | TRIAGE/EMERGENCY UNIT AUDIT TOOL) (957 | TRIAGE/EMERGENCY UNIT AUDIT TOOL (NA | TRIAGE/EMERGENCY UNIT AUDIT TOOL)),957,TRIAGE/EMERGENCY UNIT AUDIT TOOL (NA | TRIAGE/EMERGENCY UNIT AUDIT TOOL),10,Stationery,957,,,0,,0,,,,no,TRUE
Trihexyphenidyl  (5 mg) (TRIHEXTA2 | Trihexyphenidyl ),TRIHEXTA2,Trihexyphenidyl  (5 mg) (TRIHEXTA2 | Trihexyphenidyl ),4,Pharmacy,536,Tablet,5 mg,0,,0,1.82,,1/3/2025,yes,TRUE
Trihexyphenidyl  (TRIHEXTA1 | Trihexyphenidyl ),TRIHEXTA1,Trihexyphenidyl  (TRIHEXTA1 | Trihexyphenidyl ),4,Pharmacy,535,Tablet,2 mg,0,,0,2.64,,1/3/2025,yes,TRUE
TRIS BUFFER SALT (NA | TRIS BUFFER SALT) (699 | TRIS BUFFER SALT (NA | TRIS BUFFER SALT)),699,TRIS BUFFER SALT (NA | TRIS BUFFER SALT),7,Laboratory Consumables,699,,,0,,0,,,,no,TRUE
Typhoid cassette (NA | NA) (1287 | Typhoid cassette (NA | NA)),1287,Typhoid cassette (NA | NA),7,Laboratory Consumables,1287,,,0,,0,,,,no,TRUE
typhoid test kit (NA | NA) (1308 | typhoid test kit (NA | NA)),1308,typhoid test kit (NA | NA),7,Laboratory Consumables,1308,,,0,,0,,,,no,TRUE
ULTRA SCAN PAPER (NA | ULTRA SCAN PAPER) (839 | ULTRA SCAN PAPER (NA | ULTRA SCAN PAPER)),839,ULTRA SCAN PAPER (NA | ULTRA SCAN PAPER),9,Non-Drug Consumables,839,,,0,,0,,,,no,TRUE
ULTRASOUND GEL (NA | ULTRASOUND GEL) (700 | ULTRASOUND GEL (NA | ULTRASOUND GEL)),700,ULTRASOUND GEL (NA | ULTRASOUND GEL),7,Laboratory Consumables,700,,,0,,0,,,,no,TRUE
ULTRASOUND PAPER TYPE 5 (NA | NA) (1301 | ULTRASOUND PAPER TYPE 5 (NA | NA)),1301,ULTRASOUND PAPER TYPE 5 (NA | NA),9,Non-Drug Consumables,1301,,,0,,0,,,,no,TRUE
ULTRASOUND REPORT OBSTETRICS SHEETS (NA | NA) (1254 | ULTRASOUND REPORT OBSTETRICS SHEETS (NA | NA)),1254,ULTRASOUND REPORT OBSTETRICS SHEETS (NA | NA),10,Stationery,1254,,,0,,0,,,,no,TRUE
UPS BATTERY (NA | UPS BATTERY) (1083 | UPS BATTERY (NA | UPS BATTERY)),1083,UPS BATTERY (NA | UPS BATTERY),11,Non-Consumables,1083,,,0,,0,,,,no,TRUE
UPS-Various (NA | NA) (1239 | UPS-Various (NA | NA)),1239,UPS-Various (NA | NA),9,Non-Drug Consumables,1239,,,0,,0,,,,no,TRUE
URINE BAG (NA | URINE BAG) (644 | URINE BAG (NA | URINE BAG)),644,URINE BAG (NA | URINE BAG),5,Consumables,644,,,5,,0,,,,no,TRUE
URINE CONTAINER (NA | URINE CONTAINER) (661 | URINE CONTAINER (NA | URINE CONTAINER)),661,URINE CONTAINER (NA | URINE CONTAINER),7,Laboratory Consumables,661,,,0,,0,,,,no,TRUE
VACUTAINER NEEDLES (NA | NA) (1353 | VACUTAINER NEEDLES (NA | NA)),1353,VACUTAINER NEEDLES (NA | NA),7,Laboratory Consumables,1353,,,0,,0,,,,no,TRUE
VAGINA SPECULUM (NA | VAGINA SPECULUM) (1085 | VAGINA SPECULUM (NA | VAGINA SPECULUM)),1085,VAGINA SPECULUM (NA | VAGINA SPECULUM),11,Non-Consumables,1085,,,0,,0,,,,no,TRUE
VALUE BOOKS (NA | VALUE BOOKS) (958 | VALUE BOOKS (NA | VALUE BOOKS)),958,VALUE BOOKS (NA | VALUE BOOKS),10,Stationery,958,,,0,,0,,,,no,TRUE
Vecuronium Bromide Injection 10mg (M000598 | Vecuronium Bromide Injection 10mg),M000598,Vecuronium Bromide Injection 10mg,4,Pharmacy,598,Injection,10mg,50,,0,,,,no,TRUE
VEIN FINDER (NA | NA) (1120 | VEIN FINDER (NA | NA)),1120,VEIN FINDER (NA | NA),11,Non-Consumables,1120,,,0,,0,,,,no,TRUE
VENTURI MASK (NA | VENTURI MASK) (1086 | VENTURI MASK (NA | VENTURI MASK)),1086,VENTURI MASK (NA | VENTURI MASK),11,Non-Consumables,1086,,,0,,0,,,,no,TRUE
Verapamil  ( 80 mg) (VERAPATA2 | Verapamil ),VERAPATA2,Verapamil  ( 80 mg) (VERAPATA2 | Verapamil ),4,Pharmacy,538,Tablet,80 mg,0,,0,1,,1/3/2025,yes,TRUE
Verapamil  (VERAPATA1 | Verapamil ),VERAPATA1,Verapamil  (VERAPATA1 | Verapamil ),4,Pharmacy,537,Tablet,40 mg,0,,0,0.44,,1/3/2025,yes,TRUE
VERONICAL BUCKET (NA | VERONICAL BUCKET) (959 | VERONICAL BUCKET (NA | VERONICAL BUCKET)),959,VERONICAL BUCKET (NA | VERONICAL BUCKET),10,Stationery,959,,,0,,0,,,,no,TRUE
VICRYL 1 (NA | VICRYL 1) (841 | VICRYL 1 (NA | VICRYL 1)),841,VICRYL 1 (NA | VICRYL 1),9,Non-Drug Consumables,841,,,0,,0,,,,no,TRUE
VICRYL 2 (NA | VICRYL 2) (645 | VICRYL 2 (NA | VICRYL 2)),645,VICRYL 2 (NA | VICRYL 2),5,Consumables,645,,,55,,0,,,,no,TRUE
VICRYL 2/0 (NA | VICRYL 2/0) (646 | VICRYL 2/0 (NA | VICRYL 2/0)),646,VICRYL 2/0 (NA | VICRYL 2/0),5,Consumables,646,,,55,,0,,,,no,TRUE
VICRYL 3/0 (NA | NA) (1234 | VICRYL 3/0 (NA | NA)),1234,VICRYL 3/0 (NA | NA),9,Non-Drug Consumables,1234,,,0,,0,,,,no,TRUE
VICRYL O (NA | VICRYL O) (648 | VICRYL O (NA | VICRYL O)),648,VICRYL O (NA | VICRYL O),5,Consumables,648,,,55,,0,,,,no,TRUE
VIM (NA | VIM) (960 | VIM (NA | VIM)),960,VIM (NA | VIM),10,Stationery,960,,,0,,0,,,,no,TRUE
Vincristine (2 mg Intravenous) (VINCRIIN2 | Vincristine),VINCRIIN2,Vincristine (2 mg Intravenous) (VINCRIIN2 | Vincristine),4,Pharmacy,540,Injection,2 mg Intravenous,0,,0,19.01,,1/2/2023,yes,TRUE
Vincristine (VINCRIIN1 | Vincristine),VINCRIIN1,Vincristine (VINCRIIN1 | Vincristine),4,Pharmacy,539,Injection,1 mg Intravenous,0,,0,23.76,,1/2/2023,yes,TRUE
Visitect CD4 Advanced Disease Rapid Test(PH) (NA | NA) (1363 | Visitect CD4 Advanced Disease Rapid Test(PH) (NA | NA)),1363,Visitect CD4 Advanced Disease Rapid Test(PH) (NA | NA),7,Laboratory Consumables,1363,,,0,,0,,,,no,TRUE
Vitamin B-Denk Tablet (M000599 | Vitamin B-Denk Tablet),M000599,Vitamin B-Denk Tablet,4,Pharmacy,599,Tablet,,1.5,,0,,,,no,TRUE
WAITING CHAIR SEATER (NA | WAITING CHAIR SEATER) (842 | WAITING CHAIR SEATER (NA | WAITING CHAIR SEATER)),842,WAITING CHAIR SEATER (NA | WAITING CHAIR SEATER),9,Non-Drug Consumables,842,,,0,,0,,,,no,TRUE
WALL CLIP 10MM (NA | NA) (1130 | WALL CLIP 10MM (NA | NA)),1130,WALL CLIP 10MM (NA | NA),11,Non-Consumables,1130,,,0,,0,,,,no,TRUE
WALL CLOCK (NA | WALL CLOCK) (961 | WALL CLOCK (NA | WALL CLOCK)),961,WALL CLOCK (NA | WALL CLOCK),10,Stationery,961,,,0,,0,,,,no,TRUE
WALLINGTON BOOT (NA | WALLINGTON BOOT) (1087 | WALLINGTON BOOT (NA | WALLINGTON BOOT)),1087,WALLINGTON BOOT (NA | WALLINGTON BOOT),11,Non-Consumables,1087,,,0,,0,,,,no,TRUE
WARD SCREEN (NA | WARD SCREEN) (843 | WARD SCREEN (NA | WARD SCREEN)),843,WARD SCREEN (NA | WARD SCREEN),9,Non-Drug Consumables,843,,,0,,0,,,,no,TRUE
Warfarin  (3 mg) (WARFARTA2 | Warfarin ),WARFARTA2,Warfarin  (3 mg) (WARFARTA2 | Warfarin ),4,Pharmacy,542,Tablet,3 mg,0,,0,0.56,,1/2/2023,yes,TRUE
Warfarin  (5 mg (scored)) (WARFARTA3 | Warfarin ),WARFARTA3,Warfarin  (5 mg (scored)) (WARFARTA3 | Warfarin ),4,Pharmacy,543,Tablet,5 mg (scored),0,,0,0.84,,1/2/2023,yes,TRUE
Warfarin  (WARFARTA1 | Warfarin ),WARFARTA1,Warfarin  (WARFARTA1 | Warfarin ),4,Pharmacy,541,Tablet,1 mg,0,,0,0.47,,1/2/2023,yes,TRUE
WASHING MACHINE (NA | WASHING MACHINE) (1088 | WASHING MACHINE (NA | WASHING MACHINE)),1088,WASHING MACHINE (NA | WASHING MACHINE),11,Non-Consumables,1088,,,0,,0,,,,no,TRUE
Water For Injection (WATFORIN1 | Water For Injection),WATFORIN1,Water For Injection,4,Pharmacy,544,Injection,,1.5,,0,1.1,,1/3/2025,yes,TRUE
WEIGHING SCALE ADULT (NA | WEIGHING SCALE ADULT) (844 | WEIGHING SCALE ADULT (NA | WEIGHING SCALE ADULT)),844,WEIGHING SCALE ADULT (NA | WEIGHING SCALE ADULT),9,Non-Drug Consumables,844,,,0,,0,,,,no,TRUE
WELLINGTON BOOT (NA | WELLINGTON BOOT) (845 | WELLINGTON BOOT (NA | WELLINGTON BOOT)),845,WELLINGTON BOOT (NA | WELLINGTON BOOT),9,Non-Drug Consumables,845,,,0,,0,,,,no,TRUE
WHEEL CHAIR (NA | WHEEL CHAIR) (1089 | WHEEL CHAIR (NA | WHEEL CHAIR)),1089,WHEEL CHAIR (NA | WHEEL CHAIR),11,Non-Consumables,1089,,,0,,0,,,,no,TRUE
WHITE ENVELOPE (NA | WHITE ENVELOPE) (857 | WHITE ENVELOPE (NA | WHITE ENVELOPE)),857,WHITE ENVELOPE (NA | WHITE ENVELOPE),10,Stationery,857,,,0,,0,,,,no,TRUE
WIDAL KIT (NA | WIDAL KIT) (701 | WIDAL KIT (NA | WIDAL KIT)),701,WIDAL KIT (NA | WIDAL KIT),7,Laboratory Consumables,701,,,0,,0,,,,no,TRUE
WOODEN SPATULA (NA | NA) (1196 | WOODEN SPATULA (NA | NA)),1196,WOODEN SPATULA (NA | NA),9,Non-Drug Consumables,1196,,,0,,0,,,,no,TRUE
X RAY REQUEST FORM (NA | X RAY REQUEST FORM) (962 | X RAY REQUEST FORM (NA | X RAY REQUEST FORM)),962,X RAY REQUEST FORM (NA | X RAY REQUEST FORM),10,Stationery,962,,,0,,0,,,,no,TRUE
X-RAY FILM (NA | X-RAY FILM) (1092 | X-RAY FILM (NA | X-RAY FILM)),1092,X-RAY FILM (NA | X-RAY FILM),11,Non-Consumables,1092,,,0,,0,,,,no,TRUE
X-RAY REGISTER (NA | X-RAY REGISTER) (964 | X-RAY REGISTER (NA | X-RAY REGISTER)),964,X-RAY REGISTER (NA | X-RAY REGISTER),10,Stationery,964,,,0,,0,,,,no,TRUE
X-RAY REQUEST FORM (NA | NA) (1383 | X-RAY REQUEST FORM (NA | NA)),1383,X-RAY REQUEST FORM (NA | NA),10,Stationery,1383,,,0,,0,,,,no,TRUE
XN-L CHECK LEVEL 1 (1 X 3ML) (NA | XN-L CHECK LEVEL 1 (1 X 3ML)) (963 | XN-L CHECK LEVEL 1 (1 X 3ML) (NA | XN-L CHECK LEVEL 1 (1 X 3ML))),963,XN-L CHECK LEVEL 1 (1 X 3ML) (NA | XN-L CHECK LEVEL 1 (1 X 3ML)),10,Stationery,963,,,0,,0,,,,no,TRUE
XN-L CHECK LEVEL 2 (1 X 3ML) (NA | XN-L CHECK LEVEL 2 (1 X 3ML)) (1090 | XN-L CHECK LEVEL 2 (1 X 3ML) (NA | XN-L CHECK LEVEL 2 (1 X 3ML))),1090,XN-L CHECK LEVEL 2 (1 X 3ML) (NA | XN-L CHECK LEVEL 2 (1 X 3ML)),11,Non-Consumables,1090,,,0,,0,,,,no,TRUE
XN-L CHECK LEVEL 3 (1 X 3ML) (NA | XN-L CHECK LEVEL 3 (1 X 3ML)) (1091 | XN-L CHECK LEVEL 3 (1 X 3ML) (NA | XN-L CHECK LEVEL 3 (1 X 3ML))),1091,XN-L CHECK LEVEL 3 (1 X 3ML) (NA | XN-L CHECK LEVEL 3 (1 X 3ML)),11,Non-Consumables,1091,,,0,,0,,,,no,TRUE
XN-L CHECK-3ML L1 (NA | NA) (1221 | XN-L CHECK-3ML L1 (NA | NA)),1221,XN-L CHECK-3ML L1 (NA | NA),11,Non-Consumables,1221,,,0,,0,,,,no,TRUE
ZIMA FRAMES (NA | NA) (1369 | ZIMA FRAMES (NA | NA)),1369,ZIMA FRAMES (NA | NA),9,Non-Drug Consumables,1369,,,0,,0,,,,no,TRUE
Zinc Tablet 10mg (ZINCOOTA1 | Zinc Tablet 10mg),ZINCOOTA1,Zinc Tablet 10mg,4,Pharmacy,545,Tablet,10 mg,0.2,,0,0.18,,1/3/2025,yes,TRUE
Zinc Tablet 20mg (ZINCOOTA2 | Zinc Tablet 20mg),ZINCOOTA2,Zinc Tablet 20mg,4,Pharmacy,546,Tablet,20 mg,0.2,,0,0.17,,1/3/2025,yes,TRUE
ZINCOVIT  (M000601 | ZINCOVIT ),M000601,ZINCOVIT  (M000601 | ZINCOVIT ),4,Pharmacy,579,Tablet,,27,,0,,,,no,TRUE
"Adrenaline Injection 1:10,000 (ADRENAIN2 | Adrenaline Injection 1:10,000)",ADRENAIN2,"Adrenaline Injection 1:10,000",4,Pharmacy,,Injection,"1:10,000",0,,0,6.55,,01-03-2025,yes,TRUE
Amitriptyline Tablet 10 mg (AMITRITA1 | Amitriptyline Tablet 10 mg),AMITRITA1,Amitriptyline Tablet 10 mg,4,Pharmacy,,Tablet,10 mg,0,,0,0.66,,01-03-2025,yes,TRUE
Amoxicillin 250 mg Dispersible Tablet (AMOXICDT1 | Amoxicillin 250 mg Dispersible Tablet),AMOXICDT1,Amoxicillin 250 mg Dispersible Tablet,4,Pharmacy,,Tablet,250 mg,0,,0,1.87,,01-03-2025,yes,TRUE
Atenolol + Hydrochlorthiazide Tablet 100 mg + 25 mg (ATEHYDTA2 | Atenolol + Hydrochlorthiazide Tablet 100 mg + 25 mg),ATEHYDTA2,Atenolol + Hydrochlorthiazide Tablet 100 mg + 25 mg,4,Pharmacy,,Tablet,100 mg + 25 mg,0,,0,1.2,,01-03-2025,yes,TRUE
Atenolol Injection 500 microgram/10 mL (ATENOLIN1 | Atenolol Injection 500 microgram/10 mL),ATENOLIN1,Atenolol Injection 500 microgram/10 mL,4,Pharmacy,,Injection,500 microgram/10 mL,0,,0,8.98,,01-03-2025,yes,TRUE
Atenolol Tablet 25 mg (ATENOLTA1 | Atenolol Tablet 25 mg),ATENOLTA1,Atenolol Tablet 25 mg,4,Pharmacy,,Tablet,25 mg,0,,0,1.1,,01-03-2025,yes,TRUE
Atenolol Tablet 100 mg (ATENOLTA3 | Atenolol Tablet 100 mg),ATENOLTA3,Atenolol Tablet 100 mg,4,Pharmacy,,Tablet,100 mg,0,,0,1.1,,01-03-2025,yes,TRUE
Atorvastatin Tablet 10 mg (ATORVATA1 | Atorvastatin Tablet 10 mg),ATORVATA1,Atorvastatin Tablet 10 mg,4,Pharmacy,,Tablet,10 mg,0,,0,0.23,,01-03-2025,yes,TRUE
Atorvastatin Tablet 20 mg (ATORVATA2 | Atorvastatin Tablet 20 mg),ATORVATA2,Atorvastatin Tablet 20 mg,4,Pharmacy,,Tablet,20 mg,0,,0,0.3,,01-03-2025,yes,TRUE
Azithromycin Oral Suspension 200 mg/5 mL/30mL (AZITHRSU2 | Azithromycin Oral Suspension 200 mg/5 mL/30mL),AZITHRSU2,Azithromycin Oral Suspension 200 mg/5 mL/30mL,4,Pharmacy,,Suspension,200 mg/5 mL,0,,0,40.13,,01-03-2025,yes,TRUE
Benzylpenicillin Injection 5 MU (BENZYLIN2 | Benzylpenicillin Injection 5 MU),BENZYLIN2,Benzylpenicillin Injection 5 MU,4,Pharmacy,,Injection,5 MU,0,,0,11,,01-03-2025,yes,TRUE
Bisoprolol Tablet 5 mg (BISOPRTA1 | Bisoprolol Tablet 5 mg),BISOPRTA1,Bisoprolol Tablet 5 mg,4,Pharmacy,,Tablet,5 mg,0,,0,0.98,,01-03-2025,yes,TRUE
Cefuroxime Injection 1.5 g (CEFUROIN2 | Cefuroxime Injection 1.5 g),CEFUROIN2,Cefuroxime Injection 1.5 g,4,Pharmacy,,Injection,1.5 g,0,,0,35.42,,01-03-2025,yes,TRUE
Cefuroxime Tablet 125 mg (CEFUROTA1 | Cefuroxime Tablet 125 mg),CEFUROTA1,Cefuroxime Tablet 125 mg,4,Pharmacy,,Tablet,125 mg,0,,0,4.29,,01-03-2025,yes,TRUE
Celecoxib Tablet 100 mg (CELECOTA1 | Celecoxib Tablet 100 mg),CELECOTA1,Celecoxib Tablet 100 mg,4,Pharmacy,,Tablet,100 mg,0,,0,1.32,,01-03-2025,yes,TRUE
Ciprofloxacin Tablet 250 mg (CIPROFTA1 | Ciprofloxacin Tablet 250 mg),CIPROFTA1,Ciprofloxacin Tablet 250 mg,4,Pharmacy,,Tablet,250 mg,0,,0,0.61,,01-03-2025,yes,TRUE
Clotrimazole Pessary 200 mg (CLOTRIVP2 | Clotrimazole Pessary 200 mg),CLOTRIVP2,Clotrimazole Pessary 200 mg,4,Pharmacy,,Pessary,200 mg,0,,0,24.2,,01-03-2025,yes,TRUE
Amoxicillin + Clavulanic Acid Tablet 875 mg + 125 mg (COAMOXTA2 | Amoxicillin + Clavulanic Acid Tablet 875 mg + 125 mg),COAMOXTA2,Amoxicillin + Clavulanic Acid Tablet 875 mg + 125 mg,4,Pharmacy,,Tablet,875 mg + 125 mg,0,,0,2.98,,01-03-2025,yes,TRUE
Cotrimoxazole Tablet (400+80) mg (COTRIMTA1 | Cotrimoxazole Tablet (400+80) mg),COTRIMTA1,Cotrimoxazole Tablet (400+80) mg,4,Pharmacy,,Tablet,(400+80) mg,0,,0,0.23,,01-03-2025,yes,TRUE
Cyclopentolate Eye Drops 1% (CYCLOPID1 | Cyclopentolate Eye Drops 1%),CYCLOPID1,Cyclopentolate Eye Drops 1%,4,Pharmacy,,Drops,1%,0,,0,42.13,,01-03-2025,yes,TRUE
Dexamethasone Injection 8 mg/2 mL (DEXAMEIN2 | Dexamethasone Injection 8 mg/2 mL),DEXAMEIN2,Dexamethasone Injection 8 mg/2 mL,4,Pharmacy,,Injection,8 mg/2 mL,0,,0,2.2,,01-03-2025,yes,TRUE
Dextrose Infusion 10% (500 mL) (DEXTROIN4 | Dextrose Infusion 10% (500 mL)),DEXTROIN4,Dextrose Infusion 10% (500 mL),4,Pharmacy,,Infusion,10%,0,,0,14.2,,01-03-2025,yes,TRUE
Esomeprazole Capsule 20 mg (ESOMEPCA1 | Esomeprazole Capsule 20 mg),ESOMEPCA1,Esomeprazole Capsule 20 mg,4,Pharmacy,,Capsule,20 mg,0,,0,1.98,,01-03-2025,yes,TRUE
Esomeprazole Capsule 40 mg (ESOMEPCA2 | Esomeprazole Capsule 40 mg),ESOMEPCA2,Esomeprazole Capsule 40 mg,4,Pharmacy,,Capsule,40 mg,0,,0,3.4,,01-03-2025,yes,TRUE
Ferric Ammonium Citrate Mixture (FAC) (FEAMCISU1 | Ferric Ammonium Citrate Mixture (FAC)),FEAMCISU1,Ferric Ammonium Citrate Mixture (FAC),4,Pharmacy,,Mixture,,0,,0,7.48,,01-03-2025,yes,TRUE
Ferrous Sulphate (BPC) Syrup 60 mg/5 mL (FERSULSY1 | Ferrous Sulphate (BPC) Syrup 60 mg/5 mL),FERSULSY1,Ferrous Sulphate (BPC) Syrup 60 mg/5 mL,4,Pharmacy,,Syrup,60 mg/5 mL,0,,0,18.7,,01-03-2025,yes,TRUE
Ferrous Sulphate Tablet 60 mg (Elemental Iron) (FERSULTA1 | Ferrous Sulphate Tablet 60 mg (Elemental Iron)),FERSULTA1,Ferrous Sulphate Tablet 60 mg (Elemental Iron),4,Pharmacy,,Tablet,60 mg,0,,0,0.11,,01-03-2025,yes,TRUE
Fluconazole Capsule 200 mg (FLUCONCA2 | Fluconazole Capsule 200 mg),FLUCONCA2,Fluconazole Capsule 200 mg,4,Pharmacy,,Capsule,200 mg,0,,0,8.8,,01-03-2025,yes,TRUE
Fluconazole Tablet 50 mg (FLUCONTA1 | Fluconazole Tablet 50 mg),FLUCONTA1,Fluconazole Tablet 50 mg,4,Pharmacy,,Tablet,50 mg,0,,0,27.72,,01-03-2025,yes,TRUE
Gelatin Infusion (Succinylated Gelatin) (GELATIIN1 | Gelatin Infusion (Succinylated Gelatin)),GELATIIN1,Gelatin Infusion (Succinylated Gelatin),4,Pharmacy,,Infusion,,0,,0,82.61,,01-03-2025,yes,TRUE
Glimepiride Tablet 1 mg (GLIMEPTA1 | Glimepiride Tablet 1 mg),GLIMEPTA1,Glimepiride Tablet 1 mg,4,Pharmacy,,Tablet,1 mg,0,,0,1.1,,01-03-2025,yes,TRUE
Glimepiride Tablet 3 mg (GLIMEPTA3 | Glimepiride Tablet 3 mg),GLIMEPTA3,Glimepiride Tablet 3 mg,4,Pharmacy,,Tablet,3 mg,0,,0,1.57,,01-03-2025,yes,TRUE
Glimepiride Tablet 4 mg (GLIMEPTA4 | Glimepiride Tablet 4 mg),GLIMEPTA4,Glimepiride Tablet 4 mg,4,Pharmacy,,Tablet,4 mg,0,,0,0.24,,01-03-2025,yes,TRUE
Human Immune Tetanus Globulins Injection 500 IU/mL (HUIMTEIN2 | Human Immune Tetanus Globulins Injection 500 IU/mL),HUIMTEIN2,Human Immune Tetanus Globulins Injection 500 IU/mL,4,Pharmacy,,Injection,500 IU,0,,0,42.85,,01-03-2025,yes,TRUE
Intralipid Solution (for TPN) (INTRALSO1 | Intralipid Solution (for TPN)),INTRALSO1,Intralipid Solution (for TPN),4,Pharmacy,,Solution,,0,,0,165,,01-03-2025,yes,TRUE
Iron Sucrose Injection 20 mg/mL (IROSUCIN1 | Iron Sucrose Injection 20 mg/mL),IROSUCIN1,Iron Sucrose Injection 20 mg/mL,4,Pharmacy,,Injection,20 mg,0,,0,60.5,,01-03-2025,yes,TRUE
Isophane Insulin Injection (HM) 100 units/mL in 10 mL (ISOINSIN1 | Isophane Insulin Injection (HM) 100 units/mL in 10 mL),ISOINSIN1,Isophane Insulin Injection (HM) 100 units/mL in 10 mL,4,Pharmacy,,Injection,100 units,0,,0,100.1,,01-03-2025,yes,TRUE
Lamotrigine Tablet 100 mg (LAMOTRTA1 | Lamotrigine Tablet 100 mg),LAMOTRTA1,Lamotrigine Tablet 100 mg,4,Pharmacy,,Tablet,100 mg,0,,0,2.05,,01-03-2025,yes,TRUE
Levofloxacin infusion 500mg (LEVOFLIN1 | Levofloxacin infusion 500mg),LEVOFLIN1,Levofloxacin infusion 500mg,4,Pharmacy,,Infusion,500mg,0,,0,189.64,,01-03-2025,yes,TRUE
Lisinopril + Hydrochlorthiazide Tablet (10 mg + 12.5 mg) (LISHYDTA1 | Lisinopril + Hydrochlorthiazide Tablet (10 mg + 12.5 mg)),LISHYDTA1,Lisinopril + Hydrochlorthiazide Tablet (10 mg + 12.5 mg),4,Pharmacy,,Tablet,(10 mg + 12.5 mg),0,,0,1.26,,01-03-2025,yes,TRUE
Lisinopril Tablet 2.5 mg (LISINOTA1 | Lisinopril Tablet 2.5 mg),LISINOTA1,Lisinopril Tablet 2.5 mg,4,Pharmacy,,Tablet,2.5 mg,0,,0,0.47,,01-03-2025,yes,TRUE
Lisinopril Tablet 20 mg (LISINOTA4 | Lisinopril Tablet 20 mg),LISINOTA4,Lisinopril Tablet 20 mg,4,Pharmacy,,Tablet,20 mg,0,,0,0.9,,01-03-2025,yes,TRUE
Losartan Tablet 25 mg (LOSARTTA1 | Losartan Tablet 25 mg),LOSARTTA1,Losartan Tablet 25 mg,4,Pharmacy,,Tablet,25 mg,0,,0,1.32,,01-03-2025,yes,TRUE
Losartan Tablet 100 mg (LOSARTTA3 | Losartan Tablet 100 mg),LOSARTTA3,Losartan Tablet 100 mg,4,Pharmacy,,Tablet,100 mg,0,,0,0.54,,01-03-2025,yes,TRUE
Magnesium Trisilicate Mixture (MAGTRIMI1 | Magnesium Trisilicate Mixture),MAGTRIMI1,Magnesium Trisilicate Mixture,4,Pharmacy,,Mixture,,0,,0,7.7,,01-03-2025,yes,TRUE
Magnesium Trisilicate Tablet 500 mg (MAGTRITA1 | Magnesium Trisilicate Tablet 500 mg),MAGTRITA1,Magnesium Trisilicate Tablet 500 mg,4,Pharmacy,,Tablet,500 mg,0,,0,3.58,,01-03-2025,yes,TRUE
Magnesium Trisilicate + Aluminium Hydroxide Tablet (MATRALTA1 | Magnesium Trisilicate + Aluminium Hydroxide Tablet),MATRALTA1,Magnesium Trisilicate + Aluminium Hydroxide Tablet,4,Pharmacy,,Tablet,,0,,0,0.22,,01-03-2025,yes,TRUE
Metronidazole Suppository 500 mg (METRONRE1 | Metronidazole Suppository 500 mg),METRONRE1,Metronidazole Suppository 500 mg,4,Pharmacy,,Suppository,500 mg,0,,0,15.95,,01-03-2025,yes,TRUE
Metronidazole Suspension 100 mg/5 mL (as benzoate) (METRONSU1 | Metronidazole Suspension 100 mg/5 mL (as benzoate)),METRONSU1,Metronidazole Suspension 100 mg/5 mL (as benzoate),4,Pharmacy,,Suspension,100 mg/5 mL,0,,0,10.92,,01-03-2025,yes,TRUE
Morphine Injection 10 mg/mL (Preservative Free) (MORPHIIN2 | Morphine Injection 10 mg/mL (Preservative Free)),MORPHIIN2,Morphine Injection 10 mg/mL (Preservative Free),4,Pharmacy,,Injection,10 mg,0,,0,39.55,,01-03-2025,yes,TRUE
Nifedipine Capsule 10 mg (NIFEDICA1 | Nifedipine Capsule 10 mg),NIFEDICA1,Nifedipine Capsule 10 mg,4,Pharmacy,,Capsule,10 mg,0,,0,1.21,,01-03-2025,yes,TRUE
Nifedipine Tablet 10 mg (slow release) (NIFEDITA1 | Nifedipine Tablet 10 mg (slow release)),NIFEDITA1,Nifedipine Tablet 10 mg (slow release),4,Pharmacy,,Tablet,10 mg,0,,0,1.1,,01-03-2025,yes,TRUE
Olanzapine Tablet 10 mg (OLANZATA1 | Olanzapine Tablet 10 mg),OLANZATA1,Olanzapine Tablet 10 mg,4,Pharmacy,,Tablet,10 mg,0,,0,1.63,,01-03-2025,yes,TRUE
Paracetamol Suppository 500 mg (PARACERE3 | Paracetamol Suppository 500 mg),PARACERE3,Paracetamol Suppository 500 mg,4,Pharmacy,,Suppository,500 mg,0,,0,2.41,,01-03-2025,yes,TRUE
Phenobarbital Elixir 15 mg/5 mL (PHENOBEL1 | Phenobarbital Elixir 15 mg/5 mL),PHENOBEL1,Phenobarbital Elixir 15 mg/5 mL,4,Pharmacy,,Elixir,15 mg/5 mL,0,,0,60.5,,01-03-2025,yes,TRUE
Povidone Iodine Ointment 10% (POVIDOOI1 | Povidone Iodine Ointment 10%),POVIDOOI1,Povidone Iodine Ointment 10%,4,Pharmacy,,Ointment,10%,0,,0,28.88,,01-03-2025,yes,TRUE
Prednisolone 5mg Dispersible Tablets (PREDNIDT1 | Prednisolone 5mg Dispersible Tablets),PREDNIDT1,Prednisolone 5mg Dispersible Tablets,4,Pharmacy,,Tablet,5mg,0,,0,0.28,,01-03-2025,yes,TRUE
Prednisolone Oral Solution 5mg/5ml (PREDNISY1 | Prednisolone Oral Solution 5mg/5ml),PREDNISY1,Prednisolone Oral Solution 5mg/5ml,4,Pharmacy,,Solution,5mg/5ml,0,,0,62.7,,01-03-2025,yes,TRUE
Salbutamol Nebules 5 mg (SALBUTGA3 | Salbutamol Nebules 5 mg),SALBUTGA3,Salbutamol Nebules 5 mg,4,Pharmacy,,Nebules,5 mg,0,,0,17.6,,01-03-2025,yes,TRUE
Salbutamol Sulphate Injection 500 microgram/mL in 1mL (SALSULIN1 | Salbutamol Sulphate Injection 500 microgram/mL in 1mL),SALSULIN1,Salbutamol Sulphate Injection 500 microgram/mL in 1mL,4,Pharmacy,,Injection,500 microgram,0,,0,16.5,,01-03-2025,yes,TRUE
Sodium Chloride Infusion 0.45% (250 mL) (SODCHLIN1 | Sodium Chloride Infusion 0.45% (250 mL)),SODCHLIN1,Sodium Chloride Infusion 0.45% (250 mL),4,Pharmacy,,Infusion,0.45%,0,,0,48.38,,01-03-2025,yes,TRUE
Spironolactone Tablet 50 mg (SPIRONTA2 | Spironolactone Tablet 50 mg),SPIRONTA2,Spironolactone Tablet 50 mg,4,Pharmacy,,Tablet,50 mg,0,,0,1.45,,01-03-2025,yes,TRUE
Tamsulosin Capsule 400 microgram (TAMSULCA1 | Tamsulosin Capsule 400 microgram),TAMSULCA1,Tamsulosin Capsule 400 microgram,4,Pharmacy,,Capsule,400 microgram,0,,0,2.18,,01-03-2025,yes,TRUE
